#2026 09 17 11:44:50.038#Z#INFO#3094b1d5-b28d-11f1-8b44-eeee0a821e4e.OPERATION#http-nio-0.0.0.0-8080-exec-5#
[XS2StartProcessListener] Operation ID: 3094b1d5-b28d-11f1-8b44-eeee0a821e4e#
#2026 09 17 11:44:50.088#Z#DEBUG#3094b1d5-b28d-11f1-8b44-eeee0a821e4e.OPERATION#http-nio-0.0.0.0-8080-exec-5#
[XS2StartProcessListener] Process environment: {
  "SKIP_SSL_VALIDATION" : "false",
  "FLOWABLE_JOB_EXECUTOR_MAX_THREADS" : "32",
  "VERSION" : "2.54.0",
  "BASIC_AUTH_ENABLED" : "true",
  "FLOWABLE_JOB_EXECUTOR_QUEUE_CAPACITY" : "16",
  "FLOWABLE_JOB_EXECUTOR_CORE_THREADS" : "8"
}#
#2026 09 17 11:44:50.088#Z#DEBUG#3094b1d5-b28d-11f1-8b44-eeee0a821e4e.OPERATION#http-nio-0.0.0.0-8080-exec-5#
[XS2StartProcessListener] Current user: dhanavathravikiran@gmail.com#
#2026 09 17 11:44:50.088#Z#DEBUG#3094b1d5-b28d-11f1-8b44-eeee0a821e4e.OPERATION#http-nio-0.0.0.0-8080-exec-5#
[XS2StartProcessListener] Client space: dev#
#2026 09 17 11:44:50.088#Z#DEBUG#3094b1d5-b28d-11f1-8b44-eeee0a821e4e.OPERATION#http-nio-0.0.0.0-8080-exec-5#
[XS2StartProcessListener] Client organization: 58136073trial#
#2026 09 17 11:44:50.088#Z#INFO#3094b1d5-b28d-11f1-8b44-eeee0a821e4e.OPERATION#http-nio-0.0.0.0-8080-exec-5#
[XS2StartProcessListener] Process variables: {
  "keepFiles" : false,
  "skipAppDigestCalculation" : false,
  "abortOnError" : false,
  "mtaId" : "van-stock-profile",
  "noFailOnMissingPermissions" : false,
  "isSecurityEnabled" : false,
  "apiRequestPath" : "https://deploy-service.cf.us10-001.hana.ondemand.com/api/v1/spaces/13a60b41-5bb4-40de-be02-0728b9134525/operations",
  "deleteServiceBrokers" : false,
  "appArchiveId" : "3b35228c-d929-4c2c-b977-83669987a48a",
  "isDisposableUserProvidedServiceEnabled" : false,
  "deleteServiceKeys" : false,
  "noRestartSubscribedApps" : false,
  "noStart" : false,
  "deleteServices" : false
}#
#2026 09 17 11:44:50.498#Z#DEBUG#3094b1d5-b28d-11f1-8b44-eeee0a821e4e.OPERATION#flowable-async-job-executor-thread-5460#
[ValidateDeployParametersStep] Executing task "validateParametersTask" of process "3094b1fb-b28d-11f1-8b44-eeee0a821e4e"...#
#2026 09 17 11:44:50.498#Z#DEBUG#3094b1d5-b28d-11f1-8b44-eeee0a821e4e.OPERATION#flowable-async-job-executor-thread-5460#
[ValidateDeployParametersStep] Validating parameters...#
#2026 09 17 11:44:50.499#Z#INFO#3094b1d5-b28d-11f1-8b44-eeee0a821e4e.OPERATION#flowable-async-job-executor-thread-5460#
[ValidateDeployParametersStep] Size of mtars is 13,955,622 and size of extension descriptors is 0#
#2026 09 17 11:44:50.527#Z#INFO#3094b1d5-b28d-11f1-8b44-eeee0a821e4e.OPERATION#flowable-async-job-executor-thread-5460#
[ValidateDeployParametersStep] Archive was not split! Total size in bytes: 13,955,622#
#2026 09 17 11:44:50.527#Z#INFO#3094b1d5-b28d-11f1-8b44-eeee0a821e4e.OPERATION#flowable-async-job-executor-thread-5460#
[ValidateDeployParametersStep] Deploying in org "58136073trial" and space "dev"#
#2026 09 17 11:44:50.533#Z#DEBUG#3094b1d5-b28d-11f1-8b44-eeee0a821e4e.OPERATION#flowable-async-job-executor-thread-5460#
[ValidateDeployParametersStep] Parameters validated#
#2026 09 17 11:44:50.533#Z#DEBUG#3094b1d5-b28d-11f1-8b44-eeee0a821e4e.OPERATION#flowable-async-job-executor-thread-5460#
Step "Validate Parameters" finished#
#2026 09 17 11:44:50.563#Z#DEBUG#3094b1d5-b28d-11f1-8b44-eeee0a821e4e.OPERATION#flowable-async-job-executor-thread-5460#
[DeleteRemainingFileParts] Executing task "deleteRemainingFileParts" of process "3094b1fb-b28d-11f1-8b44-eeee0a821e4e"...#
#2026 09 17 11:44:50.563#Z#DEBUG#3094b1d5-b28d-11f1-8b44-eeee0a821e4e.OPERATION#flowable-async-job-executor-thread-5460#
Step "Delete Remaining File Parts" finished#
#2026 09 17 11:44:50.588#Z#DEBUG#3094b1d5-b28d-11f1-8b44-eeee0a821e4e.OPERATION#flowable-async-job-executor-thread-5460#
[XS2ProcessMtaArchiveStep] Executing task "processArchiveTask" of process "3094b1fb-b28d-11f1-8b44-eeee0a821e4e"...#
#2026 09 17 11:44:50.588#Z#DEBUG#3094b1d5-b28d-11f1-8b44-eeee0a821e4e.OPERATION#flowable-async-job-executor-thread-5460#
[XS2ProcessMtaArchiveStep] Processing MTA archive...#
#2026 09 17 11:44:50.588#Z#DEBUG#3094b1d5-b28d-11f1-8b44-eeee0a821e4e.OPERATION#flowable-async-job-executor-thread-5460#
[XS2ProcessMtaArchiveStep] MTA Archive ID: 3b35228c-d929-4c2c-b977-83669987a48a#
#2026 09 17 11:44:50.790#Z#DEBUG#3094b1d5-b28d-11f1-8b44-eeee0a821e4e.OPERATION#flowable-async-job-executor-thread-5460#
[XS2ProcessMtaArchiveStep] MTA Descriptor length: 3,371#
#2026 09 17 11:44:50.790#Z#DEBUG#3094b1d5-b28d-11f1-8b44-eeee0a821e4e.OPERATION#flowable-async-job-executor-thread-5460#
[XS2ProcessMtaArchiveStep] MTA Archive Modules: [van-stock-profile-db-deployer, van-stock-profile-app-content, van-stock-profile-srv]#
#2026 09 17 11:44:50.790#Z#DEBUG#3094b1d5-b28d-11f1-8b44-eeee0a821e4e.OPERATION#flowable-async-job-executor-thread-5460#
[XS2ProcessMtaArchiveStep] MTA Archive Requires: []#
#2026 09 17 11:44:50.790#Z#DEBUG#3094b1d5-b28d-11f1-8b44-eeee0a821e4e.OPERATION#flowable-async-job-executor-thread-5460#
[XS2ProcessMtaArchiveStep] MTA Archive Resources: [van-stock-profile-auth]#
#2026 09 17 11:44:50.799#Z#DEBUG#3094b1d5-b28d-11f1-8b44-eeee0a821e4e.OPERATION#flowable-async-job-executor-thread-5460#
[XS2ProcessMtaArchiveStep] MTA archive processed#
#2026 09 17 11:44:50.799#Z#DEBUG#3094b1d5-b28d-11f1-8b44-eeee0a821e4e.OPERATION#flowable-async-job-executor-thread-5460#
Step "Process Archive" finished#
#2026 09 17 11:44:50.878#Z#DEBUG#3094b1d5-b28d-11f1-8b44-eeee0a821e4e.OPERATION#flowable-async-job-executor-thread-5459#
[ProcessMtaExtensionDescriptorsStep] Executing task "processExtensionDescriptorsTask" of process "3094b1fb-b28d-11f1-8b44-eeee0a821e4e"...#
#2026 09 17 11:44:50.878#Z#DEBUG#3094b1d5-b28d-11f1-8b44-eeee0a821e4e.OPERATION#flowable-async-job-executor-thread-5459#
[ProcessMtaExtensionDescriptorsStep] Processing MTA extension descriptors...#
#2026 09 17 11:44:50.879#Z#DEBUG#3094b1d5-b28d-11f1-8b44-eeee0a821e4e.OPERATION#flowable-async-job-executor-thread-5459#
[ProcessMtaExtensionDescriptorsStep] Provided extension descriptors: [ ]#
#2026 09 17 11:44:50.879#Z#DEBUG#3094b1d5-b28d-11f1-8b44-eeee0a821e4e.OPERATION#flowable-async-job-executor-thread-5459#
[ProcessMtaExtensionDescriptorsStep] No extension descriptors in use#
#2026 09 17 11:44:50.879#Z#DEBUG#3094b1d5-b28d-11f1-8b44-eeee0a821e4e.OPERATION#flowable-async-job-executor-thread-5459#
[ProcessMtaExtensionDescriptorsStep] MTA extension descriptors processed#
#2026 09 17 11:44:50.879#Z#DEBUG#3094b1d5-b28d-11f1-8b44-eeee0a821e4e.OPERATION#flowable-async-job-executor-thread-5459#
Step "Process Extension Descriptors" finished#
#2026 09 17 11:44:50.906#Z#DEBUG#3094b1d5-b28d-11f1-8b44-eeee0a821e4e.OPERATION#flowable-async-job-executor-thread-5459#
[XS2DetectMtaSchemaVersionStep] Executing task "detectSchemaVersionTask" of process "3094b1fb-b28d-11f1-8b44-eeee0a821e4e"...#
#2026 09 17 11:44:50.906#Z#DEBUG#3094b1d5-b28d-11f1-8b44-eeee0a821e4e.OPERATION#flowable-async-job-executor-thread-5459#
[XS2DetectMtaSchemaVersionStep] Detecting MTA major schema version...#
#2026 09 17 11:44:50.907#Z#INFO#3094b1d5-b28d-11f1-8b44-eeee0a821e4e.OPERATION#flowable-async-job-executor-thread-5459#
[XS2DetectMtaSchemaVersionStep] Detected MTA schema version: "3"#
#2026 09 17 11:44:50.916#Z#DEBUG#3094b1d5-b28d-11f1-8b44-eeee0a821e4e.OPERATION#flowable-async-job-executor-thread-5459#
Step "Detect Schema Version" finished#
#2026 09 17 11:44:50.948#Z#DEBUG#3094b1d5-b28d-11f1-8b44-eeee0a821e4e.OPERATION#flowable-async-job-executor-thread-5459#
[MergeDescriptorsStep] Executing task "mergeDescriptorsTask" of process "3094b1fb-b28d-11f1-8b44-eeee0a821e4e"...#
#2026 09 17 11:44:50.949#Z#DEBUG#3094b1d5-b28d-11f1-8b44-eeee0a821e4e.OPERATION#flowable-async-job-executor-thread-5459#
[MergeDescriptorsStep] Validating and merging descriptors...#
#2026 09 17 11:44:50.951#Z#DEBUG#3094b1d5-b28d-11f1-8b44-eeee0a821e4e.OPERATION#flowable-async-job-executor-thread-5459#
[MergeDescriptorsStep] Merged deployment descriptor: {
  "majorSchemaVersion" : 3,
  "schemaVersion" : "3.3.0",
  "id" : "van-stock-profile",
  "version" : "1.0.0",
  "modules" : [ {
    "majorSchemaVersion" : 3,
    "name" : "van-stock-profile-srv",
    "type" : "javascript.nodejs",
    "path" : "van-stock-profile-srv",
    "properties" : { },
    "parameters" : {
      "buildpack" : "nodejs_buildpack",
      "instances" : 1
    },
    "requiredDependencies" : [ {
      "majorSchemaVersion" : 3,
      "name" : "van-stock-profile-db",
      "properties" : { },
      "parameters" : { },
      "propertiesMetadata" : {
        "metadata" : { }
      },
      "parametersMetadata" : {
        "metadata" : { }
      }
    }, {
      "majorSchemaVersion" : 3,
      "name" : "********",
      "properties" : { },
      "parameters" : { },
      "propertiesMetadata" : {
        "metadata" : { }
      },
      "parametersMetadata" : {
        "metadata" : { }
      }
    } ],
    "providedDependencies" : [ {
      "majorSchemaVersion" : 3,
      "name" : "srv-api",
      "isPublic" : false,
      "properties" : {
        "srv-url" : "${default-url}"
      },
      "parameters" : { },
      "propertiesMetadata" : {
        "metadata" : { }
      },
      "parametersMetadata" : {
        "metadata" : { }
      }
    }, {
      "majorSchemaVersion" : 3,
      "name" : "van-stock-profile-srv",
      "isPublic" : false,
      "properties" : { },
      "parameters" : { },
      "propertiesMetadata" : {
        "metadata" : { }
      },
      "parametersMetadata" : {
        "metadata" : { }
      }
    } ],
    "propertiesMetadata" : {
      "metadata" : { }
    },
    "parametersMetadata" : {
      "metadata" : { }
    },
    "hooks" : [ ]
  }, {
    "majorSchemaVersion" : 3,
    "name" : "van-stock-profile-db-deployer",
    "type" : "com.sap.xs.hdi",
    "path" : "van-stock-profile-db-deployer",
    "properties" : {
      "EXIT" : 1
    },
    "parameters" : {
      "memory" : "256M",
      "buildpack" : "nodejs_buildpack",
      "no-route" : true,
      "dependency-type" : "hard",
      "tasks" : [ {
        "name" : "deploy",
        "memory" : "256M",
        "command" : "npm start"
      } ],
      "no-start" : true
    },
    "requiredDependencies" : [ {
      "majorSchemaVersion" : 3,
      "name" : "van-stock-profile-db",
      "properties" : { },
      "parameters" : { },
      "propertiesMetadata" : {
        "metadata" : { }
      },
      "parametersMetadata" : {
        "metadata" : { }
      }
    } ],
    "providedDependencies" : [ {
      "majorSchemaVersion" : 3,
      "name" : "van-stock-profile-db-deployer",
      "isPublic" : false,
      "properties" : { },
      "parameters" : { },
      "propertiesMetadata" : {
        "metadata" : { }
      },
      "parametersMetadata" : {
        "metadata" : { }
      }
    } ],
    "propertiesMetadata" : {
      "metadata" : { }
    },
    "parametersMetadata" : {
      "metadata" : { }
    },
    "hooks" : [ ]
  }, {
    "majorSchemaVersion" : 3,
    "name" : "van-stock-profile-app-content",
    "type" : "com.sap.application.content",
    "path" : "van-stock-profile-app-content",
    "properties" : { },
    "parameters" : { },
    "requiredDependencies" : [ {
      "majorSchemaVersion" : 3,
      "name" : "van-stock-profile-repo-host",
      "properties" : { },
      "parameters" : {
        "content-target" : true
      },
      "propertiesMetadata" : {
        "metadata" : { }
      },
      "parametersMetadata" : {
        "metadata" : { }
      }
    } ],
    "providedDependencies" : [ {
      "majorSchemaVersion" : 3,
      "name" : "van-stock-profile-app-content",
      "isPublic" : false,
      "properties" : { },
      "parameters" : { },
      "propertiesMetadata" : {
        "metadata" : { }
      },
      "parametersMetadata" : {
        "metadata" : { }
      }
    } ],
    "propertiesMetadata" : {
      "metadata" : { }
    },
    "parametersMetadata" : {
      "metadata" : { }
    },
    "hooks" : [ ]
  }, {
    "majorSchemaVersion" : 3,
    "name" : "van-stock-profile-destination-content",
    "type" : "com.sap.application.content",
    "properties" : { },
    "parameters" : {
      "content" : {
        "instance" : {
          "destinations" : [ {
            "Name" : "van_stock_profile_html_repo_host",
            "ServiceInstanceName" : "van-stock-profile-html5-service",
            "ServiceKeyName" : "********",
            "sap.cloud.service" : "van-stock-profile.service"
          }, {
            "Authentication" : "********",
            "Name" : "van_stock_profile_uaa",
            "ServiceInstanceName" : "********",
            "ServiceKeyName" : "********",
            "sap.cloud.service" : "van-stock-profile.service"
          }, {
            "Authentication" : "********",
            "HTML5.DynamicDestination" : true,
            "HTML5.ForwardAuthToken" : "********",
            "Name" : "van_stock_profile_srv_api",
            "ProxyType" : "Internet",
            "Type" : "HTTP",
            "sap.cloud.service" : "van-stock-profile.service"
          } ],
          "existing_destinations_policy" : "update"
        }
      }
    },
    "requiredDependencies" : [ {
      "majorSchemaVersion" : 3,
      "name" : "van-stock-profile-destination-service",
      "properties" : { },
      "parameters" : {
        "content-target" : true
      },
      "propertiesMetadata" : {
        "metadata" : { }
      },
      "parametersMetadata" : {
        "metadata" : { }
      }
    }, {
      "majorSchemaVersion" : 3,
      "name" : "srv-api",
      "properties" : { },
      "parameters" : { },
      "propertiesMetadata" : {
        "metadata" : { }
      },
      "parametersMetadata" : {
        "metadata" : { }
      }
    }, {
      "majorSchemaVersion" : 3,
      "name" : "van-stock-profile-repo-host",
      "properties" : { },
      "parameters" : {
        "service-key" : "********"
      },
      "propertiesMetadata" : {
        "metadata" : { }
      },
      "parametersMetadata" : {
        "metadata" : { }
      }
    }, {
      "majorSchemaVersion" : 3,
      "name" : "********",
      "properties" : { },
      "parameters" : {
        "service-key" : "********"
      },
      "propertiesMetadata" : {
        "metadata" : { }
      },
      "parametersMetadata" : {
        "metadata" : { }
      }
    } ],
    "providedDependencies" : [ {
      "majorSchemaVersion" : 3,
      "name" : "van-stock-profile-destination-content",
      "isPublic" : false,
      "properties" : { },
      "parameters" : { },
      "propertiesMetadata" : {
        "metadata" : { }
      },
      "parametersMetadata" : {
        "metadata" : { }
      }
    } ],
    "propertiesMetadata" : {
      "metadata" : { }
    },
    "parametersMetadata" : {
      "metadata" : { }
    },
    "hooks" : [ ]
  } ],
  "resources" : [ {
    "majorSchemaVersion" : 3,
    "name" : "van-stock-profile-db",
    "type" : "com.sap.xs.hdi-container",
    "properties" : { },
    "parameters" : {
      "type" : "managed-service",
      "service" : "hana",
      "service-plan" : "hdi-shared"
    },
    "isActive" : true,
    "isOptional" : false,
    "propertiesMetadata" : {
      "metadata" : { }
    },
    "parametersMetadata" : {
      "metadata" : { }
    },
    "requiredDependencies" : [ ],
    "processedAfter" : [ ]
  }, {
    "majorSchemaVersion" : 3,
    "name" : "********",
    "type" : "org.cloudfoundry.managed-service",
    "properties" : { },
    "parameters" : {
      "path" : "./xs-security.json",
      "service-plan" : "application",
      "type" : "managed-service",
      "config" : {
        "tenant-mode" : "dedicated",
        "xsappname" : "van-stock-profile-${org}-${space}"
      },
      "service" : "xsuaa"
    },
    "isActive" : true,
    "isOptional" : false,
    "propertiesMetadata" : {
      "metadata" : { }
    },
    "parametersMetadata" : {
      "metadata" : { }
    },
    "requiredDependencies" : [ ],
    "processedAfter" : [ ]
  }, {
    "majorSchemaVersion" : 3,
    "name" : "van-stock-profile-repo-host",
    "type" : "org.cloudfoundry.managed-service",
    "properties" : { },
    "parameters" : {
      "service-name" : "van-stock-profile-html5-service",
      "service-plan" : "app-host",
      "type" : "managed-service",
      "service" : "html5-apps-repo"
    },
    "isActive" : true,
    "isOptional" : false,
    "propertiesMetadata" : {
      "metadata" : { }
    },
    "parametersMetadata" : {
      "metadata" : { }
    },
    "requiredDependencies" : [ ],
    "processedAfter" : [ ]
  }, {
    "majorSchemaVersion" : 3,
    "name" : "van-stock-profile-destination-service",
    "type" : "org.cloudfoundry.managed-service",
    "properties" : { },
    "parameters" : {
      "service-name" : "van-stock-profile-destination-service",
      "service-plan" : "lite",
      "type" : "managed-service",
      "config" : {
        "HTML5Runtime_enabled" : true,
        "init_data" : {
          "instance" : {
            "destinations" : [ {
              "Authentication" : "********",
              "Name" : "ui5",
              "ProxyType" : "Internet",
              "URL" : "https://ui5.sap.com"
            } ],
            "existing_destinations_policy" : "update"
          }
        },
        "version" : "1.0.0"
      },
      "service" : "destination"
    },
    "isActive" : true,
    "isOptional" : false,
    "propertiesMetadata" : {
      "metadata" : { }
    },
    "parametersMetadata" : {
      "metadata" : { }
    },
    "requiredDependencies" : [ ],
    "processedAfter" : [ ]
  } ],
  "parameters" : {
    "enable-parallel-deployments" : true,
    "deploy_mode" : "html5-repo"
  },
  "parametersMetadata" : {
    "metadata" : { }
  }
}#
#2026 09 17 11:44:50.952#Z#DEBUG#3094b1d5-b28d-11f1-8b44-eeee0a821e4e.OPERATION#flowable-async-job-executor-thread-5459#
[MergeDescriptorsStep] Descriptors validated and merged#
#2026 09 17 11:44:50.952#Z#DEBUG#3094b1d5-b28d-11f1-8b44-eeee0a821e4e.OPERATION#flowable-async-job-executor-thread-5459#
Step "Merge Descriptors" finished#
#2026 09 17 11:44:50.989#Z#DEBUG#3094b1d5-b28d-11f1-8b44-eeee0a821e4e.OPERATION#flowable-async-job-executor-thread-5459#
[CollectCloudLoggingServiceParametersStep] Executing task "sid-9C5714DF-CEC8-4019-8873-CBBA99AC459A" of process "3094b1fb-b28d-11f1-8b44-eeee0a821e4e"...#
#2026 09 17 11:44:50.991#Z#DEBUG#3094b1d5-b28d-11f1-8b44-eeee0a821e4e.OPERATION#flowable-async-job-executor-thread-5459#
Step "Collect Cloud Logging Service Parameters" finished#
#2026 09 17 11:44:51.018#Z#DEBUG#3094b1d5-b28d-11f1-8b44-eeee0a821e4e.OPERATION#flowable-async-job-executor-thread-5459#
[DetectDeployedMtaStep] Executing task "detectDeployedMtaTask" of process "3094b1fb-b28d-11f1-8b44-eeee0a821e4e"...#
#2026 09 17 11:44:51.019#Z#DEBUG#3094b1d5-b28d-11f1-8b44-eeee0a821e4e.OPERATION#flowable-async-job-executor-thread-5459#
[DetectDeployedMtaStep] Detecting deployed MTA...#
#2026 09 17 11:44:51.019#Z#DEBUG#3094b1d5-b28d-11f1-8b44-eeee0a821e4e.OPERATION#flowable-async-job-executor-thread-5459#
[DetectDeployedMtaStep] Detecting MTA by id van-stock-profile and namespace null#
#2026 09 17 11:44:51.020#Z#DEBUG#3094b1d5-b28d-11f1-8b44-eeee0a821e4e.OPERATION#flowable-async-job-executor-thread-5459#
[DetectDeployedMtaStep] Getting applications by metadata label selector "mta_id=5665fab984685b367b642bd8f3627e7e,!mta_namespace"...#
#2026 09 17 11:44:51.051#Z#DEBUG#3094b1d5-b28d-11f1-8b44-eeee0a821e4e.OPERATION#flowable-async-job-executor-thread-5459#
[DetectDeployedMtaStep] Getting service instances by metadata label selector "mta_id=5665fab984685b367b642bd8f3627e7e,!mta_namespace"...#
#2026 09 17 11:44:51.166#Z#DEBUG#3094b1d5-b28d-11f1-8b44-eeee0a821e4e.OPERATION#flowable-async-job-executor-thread-5459#
[DetectDeployedMtaStep] Deployed MTA: {
  "metadata" : {
    "id" : "van-stock-profile",
    "version" : "1.0.0"
  },
  "applications" : [ {
    "name" : "van-stock-profile-srv",
    "metadata" : {
      "guid" : "f6ee7e69-0530-499e-9b8b-8c9cb7424d76",
      "createdAt" : [ 2026, 9, 17, 10, 18, 26 ],
      "updatedAt" : [ 2026, 9, 17, 11, 39, 34 ]
    },
    "v3Metadata" : {
      "annotations" : {
        "mta_id" : "van-stock-profile",
        "mta_version" : "1.0.0",
        "mta_module" : "{\"name\":\"van-stock-profile-srv\"}",
        "mta_module_provided_dependencies" : "[]",
        "mta_bound_services" : "********"
      },
      "labels" : {
        "mta_id" : "5665fab984685b367b642bd8f3627e7e"
      }
    },
    "state" : "STARTED",
    "lifecycle" : {
      "type" : "BUILDPACK",
      "data" : {
        "stack" : "cflinuxfs4",
        "buildpacks" : [ "nodejs_buildpack" ]
      }
    },
    "space" : {
      "name" : "dev",
      "metadata" : {
        "guid" : "13a60b41-5bb4-40de-be02-0728b9134525",
        "createdAt" : [ 2026, 8, 11, 4, 49, 56 ],
        "updatedAt" : [ 2026, 8, 11, 4, 49, 56 ]
      },
      "organization" : {
        "name" : "58136073trial",
        "metadata" : {
          "guid" : "9316210e-796d-42c6-aced-329ff79ff402",
          "createdAt" : [ 2026, 8, 11, 4, 49, 54 ],
          "updatedAt" : [ 2026, 8, 11, 4, 49, 56 ]
        }
      }
    },
    "moduleName" : "van-stock-profile-srv",
    "boundMtaServices" : [ "van-stock-profile-db", "********" ],
    "providedDependencyNames" : [ ],
    "productizationState" : "LIVE"
  }, {
    "name" : "van-stock-profile-db-deployer",
    "metadata" : {
      "guid" : "920120e1-b670-449e-a1e5-cc3bde789221",
      "createdAt" : [ 2026, 9, 17, 10, 18, 26 ],
      "updatedAt" : [ 2026, 9, 17, 11, 39, 14 ]
    },
    "v3Metadata" : {
      "annotations" : {
        "mta_id" : "van-stock-profile",
        "mta_version" : "1.0.0",
        "mta_module" : "{\"name\":\"van-stock-profile-db-deployer\"}",
        "mta_module_provided_dependencies" : "[]",
        "mta_bound_services" : "[\"van-stock-profile-db\"]"
      },
      "labels" : {
        "mta_id" : "5665fab984685b367b642bd8f3627e7e"
      }
    },
    "state" : "STOPPED",
    "lifecycle" : {
      "type" : "BUILDPACK",
      "data" : {
        "stack" : "cflinuxfs4",
        "buildpacks" : [ "nodejs_buildpack" ]
      }
    },
    "space" : {
      "name" : "dev",
      "metadata" : {
        "guid" : "13a60b41-5bb4-40de-be02-0728b9134525",
        "createdAt" : [ 2026, 8, 11, 4, 49, 56 ],
        "updatedAt" : [ 2026, 8, 11, 4, 49, 56 ]
      },
      "organization" : {
        "name" : "58136073trial",
        "metadata" : {
          "guid" : "9316210e-796d-42c6-aced-329ff79ff402",
          "createdAt" : [ 2026, 8, 11, 4, 49, 54 ],
          "updatedAt" : [ 2026, 8, 11, 4, 49, 56 ]
        }
      }
    },
    "moduleName" : "van-stock-profile-db-deployer",
    "boundMtaServices" : [ "van-stock-profile-db" ],
    "providedDependencyNames" : [ ],
    "productizationState" : "LIVE"
  } ],
  "services" : [ {
    "name" : "van-stock-profile-db",
    "metadata" : {
      "guid" : "0d4c257c-bba9-4e9d-8def-092a70fcf194",
      "createdAt" : [ 2026, 9, 17, 10, 18, 1 ],
      "updatedAt" : [ 2026, 9, 17, 10, 18, 3 ]
    },
    "v3Metadata" : {
      "annotations" : {
        "mta_id" : "van-stock-profile",
        "mta_version" : "1.0.0",
        "mta_resource" : "{\"name\":\"van-stock-profile-db\"}"
      },
      "labels" : {
        "mta_id" : "5665fab984685b367b642bd8f3627e7e"
      }
    },
    "label" : "hana",
    "plan" : "hdi-shared",
    "credentials" : "********",
    "tags" : [ ],
    "type" : "managed",
    "lastOperation" : {
      "type" : "CREATE",
      "state" : "SUCCEEDED"
    },
    "resourceName" : "van-stock-profile-db"
  }, {
    "name" : "van-stock-profile-html5-service",
    "metadata" : {
      "guid" : "391bd873-3c1d-409e-9c34-442bc48c81b1",
      "createdAt" : [ 2026, 9, 17, 10, 18, 4 ],
      "updatedAt" : [ 2026, 9, 17, 10, 18, 4 ]
    },
    "v3Metadata" : {
      "annotations" : {
        "mta_id" : "van-stock-profile",
        "mta_version" : "1.0.0",
        "mta_resource" : "{\"name\":\"van-stock-profile-repo-host\"}"
      },
      "labels" : {
        "mta_id" : "5665fab984685b367b642bd8f3627e7e"
      }
    },
    "label" : "html5-apps-repo",
    "plan" : "app-host",
    "credentials" : "********",
    "tags" : [ ],
    "type" : "managed",
    "lastOperation" : {
      "type" : "CREATE",
      "description" : "",
      "state" : "SUCCEEDED"
    },
    "resourceName" : "van-stock-profile-repo-host"
  }, {
    "name" : "********",
    "metadata" : {
      "guid" : "e79d75e8-6273-4d8c-bb35-e8d9268e0e09",
      "createdAt" : [ 2026, 9, 17, 10, 39, 21 ],
      "updatedAt" : [ 2026, 9, 17, 10, 39, 21 ]
    },
    "v3Metadata" : {
      "annotations" : {
        "mta_id" : "van-stock-profile",
        "mta_version" : "1.0.0",
        "mta_resource" : "********"
      },
      "labels" : {
        "mta_id" : "5665fab984685b367b642bd8f3627e7e"
      }
    },
    "label" : "xsuaa",
    "plan" : "application",
    "credentials" : "********",
    "tags" : [ ],
    "type" : "managed",
    "lastOperation" : {
      "type" : "UPDATE",
      "description" : "",
      "state" : "SUCCEEDED"
    },
    "resourceName" : "********"
  }, {
    "name" : "van-stock-profile-destination-service",
    "metadata" : {
      "guid" : "38485116-95da-4606-9d12-94f3a14ef472",
      "createdAt" : [ 2026, 9, 17, 10, 18, 2 ],
      "updatedAt" : [ 2026, 9, 17, 10, 18, 5 ]
    },
    "v3Metadata" : {
      "annotations" : {
        "mta_id" : "van-stock-profile",
        "mta_version" : "1.0.0",
        "mta_resource" : "{\"name\":\"van-stock-profile-destination-service\"}"
      },
      "labels" : {
        "mta_id" : "5665fab984685b367b642bd8f3627e7e"
      }
    },
    "label" : "destination",
    "plan" : "lite",
    "credentials" : "********",
    "tags" : [ ],
    "type" : "managed",
    "lastOperation" : {
      "type" : "UPDATE",
      "description" : "",
      "state" : "SUCCEEDED"
    },
    "resourceName" : "van-stock-profile-destination-service"
  } ]
}#
#2026 09 17 11:44:51.166#Z#INFO#3094b1d5-b28d-11f1-8b44-eeee0a821e4e.OPERATION#flowable-async-job-executor-thread-5459#
[DetectDeployedMtaStep] Detected deployed MTA with ID "van-stock-profile" and version "1.0.0"#
#2026 09 17 11:44:51.172#Z#DEBUG#3094b1d5-b28d-11f1-8b44-eeee0a821e4e.OPERATION#flowable-async-job-executor-thread-5459#
[DetectDeployedMtaStep] Detecting backup mta by id "van-stock-profile" and namespace "null"#
#2026 09 17 11:44:51.172#Z#DEBUG#3094b1d5-b28d-11f1-8b44-eeee0a821e4e.OPERATION#flowable-async-job-executor-thread-5459#
[DetectDeployedMtaStep] Getting applications by metadata label selector "mta_id=5665fab984685b367b642bd8f3627e7e,mta_namespace=b698114a0995e936895b9598a6c19a2c"...#
#2026 09 17 11:44:51.198#Z#DEBUG#3094b1d5-b28d-11f1-8b44-eeee0a821e4e.OPERATION#flowable-async-job-executor-thread-5459#
[DetectDeployedMtaStep] Getting service instances by metadata label selector "mta_id=5665fab984685b367b642bd8f3627e7e,mta_namespace=b698114a0995e936895b9598a6c19a2c"...#
#2026 09 17 11:44:51.256#Z#DEBUG#3094b1d5-b28d-11f1-8b44-eeee0a821e4e.OPERATION#flowable-async-job-executor-thread-5459#
[DetectDeployedMtaStep] Deployed MTA service keys: [ {
  "name" : "********",
  "metadata" : {
    "guid" : "54bbcc37-3223-4fa1-bef8-4d1fe85de9ab",
    "createdAt" : [ 2026, 9, 17, 10, 18, 28 ],
    "updatedAt" : [ 2026, 9, 17, 10, 18, 28 ]
  },
  "v3Metadata" : {
    "annotations" : {
      "mta_id" : "van-stock-profile",
      "mta_version" : "1.0.0"
    },
    "labels" : {
      "mta_id" : "5665fab984685b367b642bd8f3627e7e",
      "space_guid" : "13a60b41-5bb4-40de-be02-0728b9134525"
    }
  },
  "serviceInstance" : {
    "name" : "van-stock-profile-html5-service",
    "metadata" : {
      "guid" : "391bd873-3c1d-409e-9c34-442bc48c81b1",
      "createdAt" : [ 2026, 9, 17, 10, 18, 4 ],
      "updatedAt" : [ 2026, 9, 17, 10, 18, 4 ]
    },
    "v3Metadata" : {
      "annotations" : {
        "mta_id" : "van-stock-profile",
        "mta_version" : "1.0.0",
        "mta_resource" : "{\"name\":\"van-stock-profile-repo-host\"}"
      },
      "labels" : {
        "mta_id" : "5665fab984685b367b642bd8f3627e7e"
      }
    },
    "credentials" : "********",
    "tags" : [ ],
    "type" : "managed"
  }
}, {
  "name" : "********",
  "metadata" : {
    "guid" : "6fbac8f6-40ee-4bed-b3a4-1c5c1041085f",
    "createdAt" : [ 2026, 9, 17, 10, 58, 54 ],
    "updatedAt" : [ 2026, 9, 17, 10, 58, 54 ]
  },
  "v3Metadata" : {
    "annotations" : {
      "mta_id" : "van-stock-profile",
      "mta_version" : "1.0.0"
    },
    "labels" : {
      "mta_id" : "5665fab984685b367b642bd8f3627e7e",
      "space_guid" : "13a60b41-5bb4-40de-be02-0728b9134525"
    }
  },
  "serviceInstance" : {
    "name" : "********",
    "metadata" : {
      "guid" : "e79d75e8-6273-4d8c-bb35-e8d9268e0e09",
      "createdAt" : [ 2026, 9, 17, 10, 39, 21 ],
      "updatedAt" : [ 2026, 9, 17, 10, 39, 21 ]
    },
    "v3Metadata" : {
      "annotations" : {
        "mta_id" : "van-stock-profile",
        "mta_version" : "1.0.0",
        "mta_resource" : "********"
      },
      "labels" : {
        "mta_id" : "5665fab984685b367b642bd8f3627e7e"
      }
    },
    "credentials" : "********",
    "tags" : [ ],
    "type" : "managed"
  }
}, {
  "name" : "********",
  "metadata" : {
    "guid" : "e2fe1ce7-786f-4d9a-98b3-e61c07dd211b",
    "createdAt" : [ 2026, 9, 17, 10, 58, 54 ],
    "updatedAt" : [ 2026, 9, 17, 10, 58, 55 ]
  },
  "v3Metadata" : {
    "annotations" : {
      "mta_id" : "van-stock-profile",
      "mta_version" : "1.0.0"
    },
    "labels" : {
      "mta_id" : "5665fab984685b367b642bd8f3627e7e",
      "space_guid" : "13a60b41-5bb4-40de-be02-0728b9134525"
    }
  },
  "serviceInstance" : {
    "name" : "van-stock-profile-destination-service",
    "metadata" : {
      "guid" : "38485116-95da-4606-9d12-94f3a14ef472",
      "createdAt" : [ 2026, 9, 17, 10, 18, 2 ],
      "updatedAt" : [ 2026, 9, 17, 10, 18, 5 ]
    },
    "v3Metadata" : {
      "annotations" : {
        "mta_id" : "van-stock-profile",
        "mta_version" : "1.0.0",
        "mta_resource" : "{\"name\":\"van-stock-profile-destination-service\"}"
      },
      "labels" : {
        "mta_id" : "5665fab984685b367b642bd8f3627e7e"
      }
    },
    "credentials" : "********",
    "tags" : [ ],
    "type" : "managed"
  }
}, {
  "name" : "********",
  "metadata" : {
    "guid" : "227b6d8d-74c8-4bad-96bd-e4dc791e7b97",
    "createdAt" : [ 2026, 9, 17, 10, 58, 54 ],
    "updatedAt" : [ 2026, 9, 17, 10, 58, 55 ]
  },
  "v3Metadata" : {
    "annotations" : {
      "mta_id" : "van-stock-profile",
      "mta_version" : "1.0.0"
    },
    "labels" : {
      "mta_id" : "5665fab984685b367b642bd8f3627e7e",
      "space_guid" : "13a60b41-5bb4-40de-be02-0728b9134525"
    }
  },
  "serviceInstance" : {
    "name" : "van-stock-profile-html5-service",
    "metadata" : {
      "guid" : "391bd873-3c1d-409e-9c34-442bc48c81b1",
      "createdAt" : [ 2026, 9, 17, 10, 18, 4 ],
      "updatedAt" : [ 2026, 9, 17, 10, 18, 4 ]
    },
    "v3Metadata" : {
      "annotations" : {
        "mta_id" : "van-stock-profile",
        "mta_version" : "1.0.0",
        "mta_resource" : "{\"name\":\"van-stock-profile-repo-host\"}"
      },
      "labels" : {
        "mta_id" : "5665fab984685b367b642bd8f3627e7e"
      }
    },
    "credentials" : "********",
    "tags" : [ ],
    "type" : "managed"
  }
} ]#
#2026 09 17 11:44:51.256#Z#DEBUG#3094b1d5-b28d-11f1-8b44-eeee0a821e4e.OPERATION#flowable-async-job-executor-thread-5459#
Step "Detect Deployed MTA" finished#
#2026 09 17 11:44:51.343#Z#DEBUG#3094b1d5-b28d-11f1-8b44-eeee0a821e4e.OPERATION#flowable-async-job-executor-thread-5459#
[XS2CollectSystemParametersStep] Executing task "collectSystemParametersTask" of process "3094b1fb-b28d-11f1-8b44-eeee0a821e4e"...#
#2026 09 17 11:44:51.344#Z#DEBUG#3094b1d5-b28d-11f1-8b44-eeee0a821e4e.OPERATION#flowable-async-job-executor-thread-5459#
[XS2CollectSystemParametersStep] Collecting system parameters...#
#2026 09 17 11:44:51.344#Z#DEBUG#3094b1d5-b28d-11f1-8b44-eeee0a821e4e.OPERATION#flowable-async-job-executor-thread-5459#
[XS2CollectSystemParametersStep] Getting default domain...#
#2026 09 17 11:44:51.367#Z#DEBUG#3094b1d5-b28d-11f1-8b44-eeee0a821e4e.OPERATION#flowable-async-job-executor-thread-5459#
[XS2CollectSystemParametersStep] Default domain: cfapps.us10-001.hana.ondemand.com#
#2026 09 17 11:44:51.368#Z#DEBUG#3094b1d5-b28d-11f1-8b44-eeee0a821e4e.OPERATION#flowable-async-job-executor-thread-5459#
[XS2CollectSystemParametersStep] Checking for overwriting read-only parameters for mta with id: "van-stock-profile"#
#2026 09 17 11:44:51.368#Z#DEBUG#3094b1d5-b28d-11f1-8b44-eeee0a821e4e.OPERATION#flowable-async-job-executor-thread-5459#
[XS2CollectSystemParametersStep] No read-only parameters are overwritten#
#2026 09 17 11:44:51.379#Z#DEBUG#3094b1d5-b28d-11f1-8b44-eeee0a821e4e.OPERATION#flowable-async-job-executor-thread-5459#
[XS2CollectSystemParametersStep] Descriptor with system parameters: {
  "majorSchemaVersion" : 3,
  "schemaVersion" : "3.3.0",
  "id" : "van-stock-profile",
  "version" : "1.0.0",
  "modules" : [ {
    "majorSchemaVersion" : 3,
    "name" : "van-stock-profile-srv",
    "type" : "javascript.nodejs",
    "path" : "van-stock-profile-srv",
    "properties" : { },
    "parameters" : {
      "default-url" : "${protocol}://${default-uri}",
      "default-app-name" : "van-stock-profile-srv",
      "generated-password" : "********",
      "default-live-url" : "${protocol}://${default-live-uri}",
      "default-uri" : "${host}.${domain}",
      "default-instances" : 1,
      "default-live-host" : "58136073trial-dev-van-stock-profile-srv",
      "instances" : 1,
      "buildpack" : "nodejs_buildpack",
      "default-host" : "58136073trial-dev-van-stock-profile-srv",
      "app-name" : "${default-app-name}",
      "default-live-uri" : "58136073trial-dev-van-stock-profile-srv.${domain}",
      "protocol" : "https",
      "default-live-app-name" : "van-stock-profile-srv",
      "default-live-domain" : "cfapps.us10-001.hana.ondemand.com",
      "domain" : "${default-domain}",
      "host" : "${default-host}",
      "generated-user" : "********"
    },
    "requiredDependencies" : [ {
      "majorSchemaVersion" : 3,
      "name" : "van-stock-profile-db",
      "properties" : { },
      "parameters" : { },
      "propertiesMetadata" : {
        "metadata" : { }
      },
      "parametersMetadata" : {
        "metadata" : { }
      }
    }, {
      "majorSchemaVersion" : 3,
      "name" : "********",
      "properties" : { },
      "parameters" : { },
      "propertiesMetadata" : {
        "metadata" : { }
      },
      "parametersMetadata" : {
        "metadata" : { }
      }
    } ],
    "providedDependencies" : [ {
      "majorSchemaVersion" : 3,
      "name" : "srv-api",
      "isPublic" : false,
      "properties" : {
        "srv-url" : "${default-url}"
      },
      "parameters" : { },
      "propertiesMetadata" : {
        "metadata" : { }
      },
      "parametersMetadata" : {
        "metadata" : { }
      }
    }, {
      "majorSchemaVersion" : 3,
      "name" : "van-stock-profile-srv",
      "isPublic" : false,
      "properties" : { },
      "parameters" : { },
      "propertiesMetadata" : {
        "metadata" : { }
      },
      "parametersMetadata" : {
        "metadata" : { }
      }
    } ],
    "propertiesMetadata" : {
      "metadata" : { }
    },
    "parametersMetadata" : {
      "metadata" : { }
    },
    "hooks" : [ ]
  }, {
    "majorSchemaVersion" : 3,
    "name" : "van-stock-profile-db-deployer",
    "type" : "com.sap.xs.hdi",
    "path" : "van-stock-profile-db-deployer",
    "properties" : {
      "EXIT" : 1
    },
    "parameters" : {
      "default-url" : "${protocol}://${default-uri}",
      "default-app-name" : "van-stock-profile-db-deployer",
      "generated-password" : "********",
      "default-live-url" : "${protocol}://${default-live-uri}",
      "default-uri" : "${host}.${domain}",
      "memory" : "256M",
      "default-instances" : 1,
      "no-route" : true,
      "default-live-host" : "58136073trial-dev-van-stock-profile-db-deployer",
      "instances" : "${default-instances}",
      "buildpack" : "nodejs_buildpack",
      "default-host" : "58136073trial-dev-van-stock-profile-db-deployer",
      "app-name" : "${default-app-name}",
      "default-live-uri" : "58136073trial-dev-van-stock-profile-db-deployer.${domain}",
      "protocol" : "https",
      "default-live-app-name" : "van-stock-profile-db-deployer",
      "default-live-domain" : "cfapps.us10-001.hana.ondemand.com",
      "dependency-type" : "hard",
      "domain" : "${default-domain}",
      "host" : "${default-host}",
      "generated-user" : "********",
      "tasks" : [ {
        "name" : "deploy",
        "memory" : "256M",
        "command" : "npm start"
      } ],
      "no-start" : true
    },
    "requiredDependencies" : [ {
      "majorSchemaVersion" : 3,
      "name" : "van-stock-profile-db",
      "properties" : { },
      "parameters" : { },
      "propertiesMetadata" : {
        "metadata" : { }
      },
      "parametersMetadata" : {
        "metadata" : { }
      }
    } ],
    "providedDependencies" : [ {
      "majorSchemaVersion" : 3,
      "name" : "van-stock-profile-db-deployer",
      "isPublic" : false,
      "properties" : { },
      "parameters" : { },
      "propertiesMetadata" : {
        "metadata" : { }
      },
      "parametersMetadata" : {
        "metadata" : { }
      }
    } ],
    "propertiesMetadata" : {
      "metadata" : { }
    },
    "parametersMetadata" : {
      "metadata" : { }
    },
    "hooks" : [ ]
  }, {
    "majorSchemaVersion" : 3,
    "name" : "van-stock-profile-app-content",
    "type" : "com.sap.application.content",
    "path" : "van-stock-profile-app-content",
    "properties" : { },
    "parameters" : {
      "default-url" : "${protocol}://${default-uri}",
      "default-app-name" : "van-stock-profile-app-content",
      "generated-password" : "********",
      "default-live-url" : "${protocol}://${default-live-uri}",
      "default-uri" : "${host}.${domain}",
      "default-instances" : 1,
      "default-live-host" : "58136073trial-dev-van-stock-profile-app-content",
      "instances" : "${default-instances}",
      "default-host" : "58136073trial-dev-van-stock-profile-app-content",
      "app-name" : "${default-app-name}",
      "default-live-uri" : "58136073trial-dev-van-stock-profile-app-content.${domain}",
      "protocol" : "https",
      "default-live-app-name" : "van-stock-profile-app-content",
      "default-live-domain" : "cfapps.us10-001.hana.ondemand.com",
      "domain" : "${default-domain}",
      "host" : "${default-host}",
      "generated-user" : "********"
    },
    "requiredDependencies" : [ {
      "majorSchemaVersion" : 3,
      "name" : "van-stock-profile-repo-host",
      "properties" : { },
      "parameters" : {
        "content-target" : true
      },
      "propertiesMetadata" : {
        "metadata" : { }
      },
      "parametersMetadata" : {
        "metadata" : { }
      }
    } ],
    "providedDependencies" : [ {
      "majorSchemaVersion" : 3,
      "name" : "van-stock-profile-app-content",
      "isPublic" : false,
      "properties" : { },
      "parameters" : { },
      "propertiesMetadata" : {
        "metadata" : { }
      },
      "parametersMetadata" : {
        "metadata" : { }
      }
    } ],
    "propertiesMetadata" : {
      "metadata" : { }
    },
    "parametersMetadata" : {
      "metadata" : { }
    },
    "hooks" : [ ]
  }, {
    "majorSchemaVersion" : 3,
    "name" : "van-stock-profile-destination-content",
    "type" : "com.sap.application.content",
    "properties" : { },
    "parameters" : {
      "default-url" : "${protocol}://${default-uri}",
      "default-app-name" : "van-stock-profile-destination-content",
      "generated-password" : "********",
      "default-live-url" : "${protocol}://${default-live-uri}",
      "default-uri" : "${host}.${domain}",
      "default-instances" : 1,
      "default-live-host" : "58136073trial-dev-van-stock-profile-destination-content",
      "instances" : "${default-instances}",
      "default-host" : "58136073trial-dev-van-stock-profile-destination-content",
      "content" : {
        "instance" : {
          "destinations" : [ {
            "Name" : "van_stock_profile_html_repo_host",
            "ServiceInstanceName" : "van-stock-profile-html5-service",
            "ServiceKeyName" : "********",
            "sap.cloud.service" : "van-stock-profile.service"
          }, {
            "Authentication" : "********",
            "Name" : "van_stock_profile_uaa",
            "ServiceInstanceName" : "********",
            "ServiceKeyName" : "********",
            "sap.cloud.service" : "van-stock-profile.service"
          }, {
            "Authentication" : "********",
            "HTML5.DynamicDestination" : true,
            "HTML5.ForwardAuthToken" : "********",
            "Name" : "van_stock_profile_srv_api",
            "ProxyType" : "Internet",
            "Type" : "HTTP",
            "sap.cloud.service" : "van-stock-profile.service"
          } ],
          "existing_destinations_policy" : "update"
        }
      },
      "app-name" : "${default-app-name}",
      "default-live-uri" : "58136073trial-dev-van-stock-profile-destination-content.${domain}",
      "protocol" : "https",
      "default-live-app-name" : "van-stock-profile-destination-content",
      "default-live-domain" : "cfapps.us10-001.hana.ondemand.com",
      "domain" : "${default-domain}",
      "host" : "${default-host}",
      "generated-user" : "********"
    },
    "requiredDependencies" : [ {
      "majorSchemaVersion" : 3,
      "name" : "van-stock-profile-destination-service",
      "properties" : { },
      "parameters" : {
        "content-target" : true
      },
      "propertiesMetadata" : {
        "metadata" : { }
      },
      "parametersMetadata" : {
        "metadata" : { }
      }
    }, {
      "majorSchemaVersion" : 3,
      "name" : "srv-api",
      "properties" : { },
      "parameters" : { },
      "propertiesMetadata" : {
        "metadata" : { }
      },
      "parametersMetadata" : {
        "metadata" : { }
      }
    }, {
      "majorSchemaVersion" : 3,
      "name" : "van-stock-profile-repo-host",
      "properties" : { },
      "parameters" : {
        "service-key" : "********"
      },
      "propertiesMetadata" : {
        "metadata" : { }
      },
      "parametersMetadata" : {
        "metadata" : { }
      }
    }, {
      "majorSchemaVersion" : 3,
      "name" : "********",
      "properties" : { },
      "parameters" : {
        "service-key" : "********"
      },
      "propertiesMetadata" : {
        "metadata" : { }
      },
      "parametersMetadata" : {
        "metadata" : { }
      }
    } ],
    "providedDependencies" : [ {
      "majorSchemaVersion" : 3,
      "name" : "van-stock-profile-destination-content",
      "isPublic" : false,
      "properties" : { },
      "parameters" : { },
      "propertiesMetadata" : {
        "metadata" : { }
      },
      "parametersMetadata" : {
        "metadata" : { }
      }
    } ],
    "propertiesMetadata" : {
      "metadata" : { }
    },
    "parametersMetadata" : {
      "metadata" : { }
    },
    "hooks" : [ ]
  } ],
  "resources" : [ {
    "majorSchemaVersion" : 3,
    "name" : "van-stock-profile-db",
    "type" : "com.sap.xs.hdi-container",
    "properties" : { },
    "parameters" : {
      "generated-password" : "********",
      "service-name" : "${default-service-name}",
      "service-plan" : "hdi-shared",
      "service" : "hana",
      "generated-user" : "********",
      "default-xsappname" : "van-stock-profile-db",
      "type" : "managed-service",
      "default-service-name" : "van-stock-profile-db",
      "default-container-name" : "58136073TRIAL_DEV_VAN_STOCK_PROFILE_DB"
    },
    "isActive" : true,
    "isOptional" : false,
    "propertiesMetadata" : {
      "metadata" : { }
    },
    "parametersMetadata" : {
      "metadata" : { }
    },
    "requiredDependencies" : [ ],
    "processedAfter" : [ ]
  }, {
    "majorSchemaVersion" : 3,
    "name" : "********",
    "type" : "org.cloudfoundry.managed-service",
    "properties" : { },
    "parameters" : {
      "generated-password" : "********",
      "path" : "./xs-security.json",
      "service-name" : "${default-service-name}",
      "service-plan" : "application",
      "service" : "xsuaa",
      "generated-user" : "********",
      "default-xsappname" : "********",
      "type" : "managed-service",
      "config" : {
        "tenant-mode" : "dedicated",
        "xsappname" : "van-stock-profile-${org}-${space}"
      },
      "default-service-name" : "********",
      "default-container-name" : "********"
    },
    "isActive" : true,
    "isOptional" : false,
    "propertiesMetadata" : {
      "metadata" : { }
    },
    "parametersMetadata" : {
      "metadata" : { }
    },
    "requiredDependencies" : [ ],
    "processedAfter" : [ ]
  }, {
    "majorSchemaVersion" : 3,
    "name" : "van-stock-profile-repo-host",
    "type" : "org.cloudfoundry.managed-service",
    "properties" : { },
    "parameters" : {
      "generated-password" : "********",
      "service-name" : "van-stock-profile-html5-service",
      "service-plan" : "app-host",
      "service" : "html5-apps-repo",
      "generated-user" : "********",
      "default-xsappname" : "van-stock-profile-repo-host",
      "type" : "managed-service",
      "default-service-name" : "van-stock-profile-repo-host",
      "default-container-name" : "58136073TRIAL_DEV_VAN_STOCK_PROFILE_REPO_HOST"
    },
    "isActive" : true,
    "isOptional" : false,
    "propertiesMetadata" : {
      "metadata" : { }
    },
    "parametersMetadata" : {
      "metadata" : { }
    },
    "requiredDependencies" : [ ],
    "processedAfter" : [ ]
  }, {
    "majorSchemaVersion" : 3,
    "name" : "van-stock-profile-destination-service",
    "type" : "org.cloudfoundry.managed-service",
    "properties" : { },
    "parameters" : {
      "generated-password" : "********",
      "service-name" : "van-stock-profile-destination-service",
      "service-plan" : "lite",
      "service" : "destination",
      "generated-user" : "********",
      "default-xsappname" : "van-stock-profile-destination-service",
      "type" : "managed-service",
      "config" : {
        "HTML5Runtime_enabled" : true,
        "init_data" : {
          "instance" : {
            "destinations" : [ {
              "Authentication" : "********",
              "Name" : "ui5",
              "ProxyType" : "Internet",
              "URL" : "https://ui5.sap.com"
            } ],
            "existing_destinations_policy" : "update"
          }
        },
        "version" : "1.0.0"
      },
      "default-service-name" : "van-stock-profile-destination-service",
      "default-container-name" : "58136073TRIAL_DEV_VAN_STOCK_PROFILE_DESTINATION_SERVICE"
    },
    "isActive" : true,
    "isOptional" : false,
    "propertiesMetadata" : {
      "metadata" : { }
    },
    "parametersMetadata" : {
      "metadata" : { }
    },
    "requiredDependencies" : [ ],
    "processedAfter" : [ ]
  } ],
  "parameters" : {
    "deploy_mode" : "html5-repo",
    "mta-id" : "van-stock-profile",
    "authorization-url" : "********",
    "org-guid" : "9316210e-796d-42c6-aced-329ff79ff402",
    "org" : "58136073trial",
    "deploy-target" : "58136073trial dev",
    "enable-parallel-deployments" : true,
    "space" : "dev",
    "xs-api-url" : "https://api.cf.us10-001.hana.ondemand.com",
    "deploy-url" : "deploy-service.cfapps.us10-001.hana.ondemand.com",
    "xs-type" : "CF",
    "default-domain" : "cfapps.us10-001.hana.ondemand.com",
    "mta-version" : "1.0.0",
    "xs-auth-url" : "********",
    "space-guid" : "13a60b41-5bb4-40de-be02-0728b9134525",
    "user" : "********",
    "controller-url" : "https://api.cf.us10-001.hana.ondemand.com",
    "timestamp" : "20260917114450"
  },
  "parametersMetadata" : {
    "metadata" : { }
  }
}#
#2026 09 17 11:44:51.380#Z#DEBUG#3094b1d5-b28d-11f1-8b44-eeee0a821e4e.OPERATION#flowable-async-job-executor-thread-5459#
[XS2CollectSystemParametersStep] Version rule: SAME_HIGHER#
#2026 09 17 11:44:51.380#Z#INFO#3094b1d5-b28d-11f1-8b44-eeee0a821e4e.OPERATION#flowable-async-job-executor-thread-5459#
[XS2CollectSystemParametersStep] Detected new MTA version: "1.0.0"#
#2026 09 17 11:44:51.387#Z#INFO#3094b1d5-b28d-11f1-8b44-eeee0a821e4e.OPERATION#flowable-async-job-executor-thread-5459#
[XS2CollectSystemParametersStep] Deployed MTA version: "1.0.0"#
#2026 09 17 11:44:51.393#Z#DEBUG#3094b1d5-b28d-11f1-8b44-eeee0a821e4e.OPERATION#flowable-async-job-executor-thread-5459#
[XS2CollectSystemParametersStep] MTA accepted for deployment#
#2026 09 17 11:44:51.394#Z#DEBUG#3094b1d5-b28d-11f1-8b44-eeee0a821e4e.OPERATION#flowable-async-job-executor-thread-5459#
[XS2CollectSystemParametersStep] System parameters collected#
#2026 09 17 11:44:51.394#Z#DEBUG#3094b1d5-b28d-11f1-8b44-eeee0a821e4e.OPERATION#flowable-async-job-executor-thread-5459#
Step "Collect System Parameters" finished#
#2026 09 17 11:44:51.427#Z#DEBUG#3094b1d5-b28d-11f1-8b44-eeee0a821e4e.OPERATION#flowable-async-job-executor-thread-5459#
[ProcessDescriptorStep] Executing task "processDescriptorTask" of process "3094b1fb-b28d-11f1-8b44-eeee0a821e4e"...#
#2026 09 17 11:44:51.427#Z#DEBUG#3094b1d5-b28d-11f1-8b44-eeee0a821e4e.OPERATION#flowable-async-job-executor-thread-5459#
[ProcessDescriptorStep] Resolving properties and parameters in merged descriptor...#
#2026 09 17 11:44:51.430#Z#DEBUG#3094b1d5-b28d-11f1-8b44-eeee0a821e4e.OPERATION#flowable-async-job-executor-thread-5459#
[ProcessDescriptorStep] Subscriptions: [ ]#
#2026 09 17 11:44:51.430#Z#DEBUG#3094b1d5-b28d-11f1-8b44-eeee0a821e4e.OPERATION#flowable-async-job-executor-thread-5459#
[ProcessDescriptorStep] MTA modules: [van-stock-profile-db-deployer, van-stock-profile-app-content, van-stock-profile-srv, van-stock-profile-destination-content]#
#2026 09 17 11:44:51.431#Z#DEBUG#3094b1d5-b28d-11f1-8b44-eeee0a821e4e.OPERATION#flowable-async-job-executor-thread-5459#
[ProcessDescriptorStep] Resolved deployment descriptor: {
  "majorSchemaVersion" : 3,
  "schemaVersion" : "3.3.0",
  "id" : "van-stock-profile",
  "version" : "1.0.0",
  "modules" : [ {
    "majorSchemaVersion" : 3,
    "name" : "van-stock-profile-srv",
    "type" : "javascript.nodejs",
    "path" : "van-stock-profile-srv",
    "properties" : { },
    "parameters" : {
      "default-url" : "https://58136073trial-dev-van-stock-profile-srv.cfapps.us10-001.hana.ondemand.com",
      "default-app-name" : "van-stock-profile-srv",
      "generated-password" : "********",
      "default-live-url" : "https://58136073trial-dev-van-stock-profile-srv.cfapps.us10-001.hana.ondemand.com",
      "default-uri" : "58136073trial-dev-van-stock-profile-srv.cfapps.us10-001.hana.ondemand.com",
      "default-instances" : 1,
      "default-live-host" : "58136073trial-dev-van-stock-profile-srv",
      "instances" : 1,
      "buildpack" : "nodejs_buildpack",
      "default-host" : "58136073trial-dev-van-stock-profile-srv",
      "app-name" : "van-stock-profile-srv",
      "default-live-uri" : "58136073trial-dev-van-stock-profile-srv.cfapps.us10-001.hana.ondemand.com",
      "protocol" : "https",
      "default-live-app-name" : "van-stock-profile-srv",
      "default-live-domain" : "cfapps.us10-001.hana.ondemand.com",
      "domain" : "cfapps.us10-001.hana.ondemand.com",
      "host" : "58136073trial-dev-van-stock-profile-srv",
      "generated-user" : "********"
    },
    "requiredDependencies" : [ {
      "majorSchemaVersion" : 3,
      "name" : "van-stock-profile-db",
      "properties" : { },
      "parameters" : { },
      "propertiesMetadata" : {
        "metadata" : { }
      },
      "parametersMetadata" : {
        "metadata" : { }
      }
    }, {
      "majorSchemaVersion" : 3,
      "name" : "********",
      "properties" : { },
      "parameters" : { },
      "propertiesMetadata" : {
        "metadata" : { }
      },
      "parametersMetadata" : {
        "metadata" : { }
      }
    } ],
    "providedDependencies" : [ {
      "majorSchemaVersion" : 3,
      "name" : "srv-api",
      "isPublic" : false,
      "properties" : {
        "srv-url" : "https://58136073trial-dev-van-stock-profile-srv.cfapps.us10-001.hana.ondemand.com"
      },
      "parameters" : { },
      "propertiesMetadata" : {
        "metadata" : { }
      },
      "parametersMetadata" : {
        "metadata" : { }
      }
    }, {
      "majorSchemaVersion" : 3,
      "name" : "van-stock-profile-srv",
      "isPublic" : false,
      "properties" : { },
      "parameters" : { },
      "propertiesMetadata" : {
        "metadata" : { }
      },
      "parametersMetadata" : {
        "metadata" : { }
      }
    } ],
    "propertiesMetadata" : {
      "metadata" : { }
    },
    "parametersMetadata" : {
      "metadata" : { }
    },
    "hooks" : [ ]
  }, {
    "majorSchemaVersion" : 3,
    "name" : "van-stock-profile-db-deployer",
    "type" : "com.sap.xs.hdi",
    "path" : "van-stock-profile-db-deployer",
    "properties" : {
      "EXIT" : 1
    },
    "parameters" : {
      "default-url" : "https://58136073trial-dev-van-stock-profile-db-deployer.cfapps.us10-001.hana.ondemand.com",
      "default-app-name" : "van-stock-profile-db-deployer",
      "generated-password" : "********",
      "default-live-url" : "https://58136073trial-dev-van-stock-profile-db-deployer.cfapps.us10-001.hana.ondemand.com",
      "default-uri" : "58136073trial-dev-van-stock-profile-db-deployer.cfapps.us10-001.hana.ondemand.com",
      "memory" : "256M",
      "default-instances" : 1,
      "no-route" : true,
      "default-live-host" : "58136073trial-dev-van-stock-profile-db-deployer",
      "instances" : 1,
      "buildpack" : "nodejs_buildpack",
      "default-host" : "58136073trial-dev-van-stock-profile-db-deployer",
      "app-name" : "van-stock-profile-db-deployer",
      "default-live-uri" : "58136073trial-dev-van-stock-profile-db-deployer.cfapps.us10-001.hana.ondemand.com",
      "protocol" : "https",
      "default-live-app-name" : "van-stock-profile-db-deployer",
      "default-live-domain" : "cfapps.us10-001.hana.ondemand.com",
      "dependency-type" : "hard",
      "domain" : "cfapps.us10-001.hana.ondemand.com",
      "host" : "58136073trial-dev-van-stock-profile-db-deployer",
      "generated-user" : "********",
      "tasks" : [ {
        "command" : "npm start",
        "memory" : "256M",
        "name" : "deploy"
      } ],
      "no-start" : true
    },
    "requiredDependencies" : [ {
      "majorSchemaVersion" : 3,
      "name" : "van-stock-profile-db",
      "properties" : { },
      "parameters" : { },
      "propertiesMetadata" : {
        "metadata" : { }
      },
      "parametersMetadata" : {
        "metadata" : { }
      }
    } ],
    "providedDependencies" : [ {
      "majorSchemaVersion" : 3,
      "name" : "van-stock-profile-db-deployer",
      "isPublic" : false,
      "properties" : { },
      "parameters" : { },
      "propertiesMetadata" : {
        "metadata" : { }
      },
      "parametersMetadata" : {
        "metadata" : { }
      }
    } ],
    "propertiesMetadata" : {
      "metadata" : { }
    },
    "parametersMetadata" : {
      "metadata" : { }
    },
    "hooks" : [ ]
  }, {
    "majorSchemaVersion" : 3,
    "name" : "van-stock-profile-app-content",
    "type" : "com.sap.application.content",
    "path" : "van-stock-profile-app-content",
    "properties" : { },
    "parameters" : {
      "default-url" : "https://58136073trial-dev-van-stock-profile-app-content.cfapps.us10-001.hana.ondemand.com",
      "default-app-name" : "van-stock-profile-app-content",
      "generated-password" : "********",
      "default-live-url" : "https://58136073trial-dev-van-stock-profile-app-content.cfapps.us10-001.hana.ondemand.com",
      "default-uri" : "58136073trial-dev-van-stock-profile-app-content.cfapps.us10-001.hana.ondemand.com",
      "default-instances" : 1,
      "default-live-host" : "58136073trial-dev-van-stock-profile-app-content",
      "instances" : 1,
      "default-host" : "58136073trial-dev-van-stock-profile-app-content",
      "app-name" : "van-stock-profile-app-content",
      "default-live-uri" : "58136073trial-dev-van-stock-profile-app-content.cfapps.us10-001.hana.ondemand.com",
      "protocol" : "https",
      "default-live-app-name" : "van-stock-profile-app-content",
      "default-live-domain" : "cfapps.us10-001.hana.ondemand.com",
      "domain" : "cfapps.us10-001.hana.ondemand.com",
      "host" : "58136073trial-dev-van-stock-profile-app-content",
      "generated-user" : "********"
    },
    "requiredDependencies" : [ {
      "majorSchemaVersion" : 3,
      "name" : "van-stock-profile-repo-host",
      "properties" : { },
      "parameters" : {
        "content-target" : true
      },
      "propertiesMetadata" : {
        "metadata" : { }
      },
      "parametersMetadata" : {
        "metadata" : { }
      }
    } ],
    "providedDependencies" : [ {
      "majorSchemaVersion" : 3,
      "name" : "van-stock-profile-app-content",
      "isPublic" : false,
      "properties" : { },
      "parameters" : { },
      "propertiesMetadata" : {
        "metadata" : { }
      },
      "parametersMetadata" : {
        "metadata" : { }
      }
    } ],
    "propertiesMetadata" : {
      "metadata" : { }
    },
    "parametersMetadata" : {
      "metadata" : { }
    },
    "hooks" : [ ]
  }, {
    "majorSchemaVersion" : 3,
    "name" : "van-stock-profile-destination-content",
    "type" : "com.sap.application.content",
    "properties" : { },
    "parameters" : {
      "default-url" : "https://58136073trial-dev-van-stock-profile-destination-content.cfapps.us10-001.hana.ondemand.com",
      "default-app-name" : "van-stock-profile-destination-content",
      "generated-password" : "********",
      "default-live-url" : "https://58136073trial-dev-van-stock-profile-destination-content.cfapps.us10-001.hana.ondemand.com",
      "default-uri" : "58136073trial-dev-van-stock-profile-destination-content.cfapps.us10-001.hana.ondemand.com",
      "default-instances" : 1,
      "default-live-host" : "58136073trial-dev-van-stock-profile-destination-content",
      "instances" : 1,
      "default-host" : "58136073trial-dev-van-stock-profile-destination-content",
      "content" : {
        "instance" : {
          "destinations" : [ {
            "Name" : "van_stock_profile_html_repo_host",
            "ServiceInstanceName" : "van-stock-profile-html5-service",
            "ServiceKeyName" : "********",
            "sap.cloud.service" : "van-stock-profile.service"
          }, {
            "Authentication" : "********",
            "Name" : "van_stock_profile_uaa",
            "ServiceInstanceName" : "********",
            "ServiceKeyName" : "********",
            "sap.cloud.service" : "van-stock-profile.service"
          }, {
            "Authentication" : "********",
            "HTML5.DynamicDestination" : true,
            "HTML5.ForwardAuthToken" : "********",
            "Name" : "van_stock_profile_srv_api",
            "ProxyType" : "Internet",
            "Type" : "HTTP",
            "sap.cloud.service" : "van-stock-profile.service"
          } ],
          "existing_destinations_policy" : "update"
        }
      },
      "app-name" : "van-stock-profile-destination-content",
      "default-live-uri" : "58136073trial-dev-van-stock-profile-destination-content.cfapps.us10-001.hana.ondemand.com",
      "protocol" : "https",
      "default-live-app-name" : "van-stock-profile-destination-content",
      "default-live-domain" : "cfapps.us10-001.hana.ondemand.com",
      "domain" : "cfapps.us10-001.hana.ondemand.com",
      "host" : "58136073trial-dev-van-stock-profile-destination-content",
      "generated-user" : "********"
    },
    "requiredDependencies" : [ {
      "majorSchemaVersion" : 3,
      "name" : "van-stock-profile-destination-service",
      "properties" : { },
      "parameters" : {
        "content-target" : true
      },
      "propertiesMetadata" : {
        "metadata" : { }
      },
      "parametersMetadata" : {
        "metadata" : { }
      }
    }, {
      "majorSchemaVersion" : 3,
      "name" : "srv-api",
      "properties" : { },
      "parameters" : { },
      "propertiesMetadata" : {
        "metadata" : { }
      },
      "parametersMetadata" : {
        "metadata" : { }
      }
    }, {
      "majorSchemaVersion" : 3,
      "name" : "van-stock-profile-repo-host",
      "properties" : { },
      "parameters" : {
        "service-key" : "********"
      },
      "propertiesMetadata" : {
        "metadata" : { }
      },
      "parametersMetadata" : {
        "metadata" : { }
      }
    }, {
      "majorSchemaVersion" : 3,
      "name" : "********",
      "properties" : { },
      "parameters" : {
        "service-key" : "********"
      },
      "propertiesMetadata" : {
        "metadata" : { }
      },
      "parametersMetadata" : {
        "metadata" : { }
      }
    } ],
    "providedDependencies" : [ {
      "majorSchemaVersion" : 3,
      "name" : "van-stock-profile-destination-content",
      "isPublic" : false,
      "properties" : { },
      "parameters" : { },
      "propertiesMetadata" : {
        "metadata" : { }
      },
      "parametersMetadata" : {
        "metadata" : { }
      }
    } ],
    "propertiesMetadata" : {
      "metadata" : { }
    },
    "parametersMetadata" : {
      "metadata" : { }
    },
    "hooks" : [ ]
  } ],
  "resources" : [ {
    "majorSchemaVersion" : 3,
    "name" : "van-stock-profile-db",
    "type" : "com.sap.xs.hdi-container",
    "properties" : { },
    "parameters" : {
      "generated-password" : "********",
      "service-name" : "van-stock-profile-db",
      "service-plan" : "hdi-shared",
      "service" : "hana",
      "generated-user" : "********",
      "default-xsappname" : "van-stock-profile-db",
      "type" : "managed-service",
      "default-service-name" : "van-stock-profile-db",
      "default-container-name" : "58136073TRIAL_DEV_VAN_STOCK_PROFILE_DB"
    },
    "isActive" : true,
    "isOptional" : false,
    "propertiesMetadata" : {
      "metadata" : { }
    },
    "parametersMetadata" : {
      "metadata" : { }
    },
    "requiredDependencies" : [ ],
    "processedAfter" : [ ]
  }, {
    "majorSchemaVersion" : 3,
    "name" : "********",
    "type" : "org.cloudfoundry.managed-service",
    "properties" : { },
    "parameters" : {
      "generated-password" : "********",
      "path" : "./xs-security.json",
      "service-name" : "********",
      "service-plan" : "application",
      "service" : "xsuaa",
      "generated-user" : "********",
      "default-xsappname" : "********",
      "type" : "managed-service",
      "config" : {
        "tenant-mode" : "dedicated",
        "xsappname" : "van-stock-profile-58136073trial-dev"
      },
      "default-service-name" : "********",
      "default-container-name" : "********"
    },
    "isActive" : true,
    "isOptional" : false,
    "propertiesMetadata" : {
      "metadata" : { }
    },
    "parametersMetadata" : {
      "metadata" : { }
    },
    "requiredDependencies" : [ ],
    "processedAfter" : [ ]
  }, {
    "majorSchemaVersion" : 3,
    "name" : "van-stock-profile-repo-host",
    "type" : "org.cloudfoundry.managed-service",
    "properties" : { },
    "parameters" : {
      "generated-password" : "********",
      "service-name" : "van-stock-profile-html5-service",
      "service-plan" : "app-host",
      "service" : "html5-apps-repo",
      "generated-user" : "********",
      "default-xsappname" : "van-stock-profile-repo-host",
      "type" : "managed-service",
      "default-service-name" : "van-stock-profile-repo-host",
      "default-container-name" : "58136073TRIAL_DEV_VAN_STOCK_PROFILE_REPO_HOST"
    },
    "isActive" : true,
    "isOptional" : false,
    "propertiesMetadata" : {
      "metadata" : { }
    },
    "parametersMetadata" : {
      "metadata" : { }
    },
    "requiredDependencies" : [ ],
    "processedAfter" : [ ]
  }, {
    "majorSchemaVersion" : 3,
    "name" : "van-stock-profile-destination-service",
    "type" : "org.cloudfoundry.managed-service",
    "properties" : { },
    "parameters" : {
      "generated-password" : "********",
      "service-name" : "van-stock-profile-destination-service",
      "service-plan" : "lite",
      "service" : "destination",
      "generated-user" : "********",
      "default-xsappname" : "van-stock-profile-destination-service",
      "type" : "managed-service",
      "config" : {
        "HTML5Runtime_enabled" : true,
        "init_data" : {
          "instance" : {
            "destinations" : [ {
              "Authentication" : "********",
              "Name" : "ui5",
              "ProxyType" : "Internet",
              "URL" : "https://ui5.sap.com"
            } ],
            "existing_destinations_policy" : "update"
          }
        },
        "version" : "1.0.0"
      },
      "default-service-name" : "van-stock-profile-destination-service",
      "default-container-name" : "58136073TRIAL_DEV_VAN_STOCK_PROFILE_DESTINATION_SERVICE"
    },
    "isActive" : true,
    "isOptional" : false,
    "propertiesMetadata" : {
      "metadata" : { }
    },
    "parametersMetadata" : {
      "metadata" : { }
    },
    "requiredDependencies" : [ ],
    "processedAfter" : [ ]
  } ],
  "parameters" : {
    "deploy_mode" : "html5-repo",
    "mta-id" : "van-stock-profile",
    "authorization-url" : "********",
    "org-guid" : "9316210e-796d-42c6-aced-329ff79ff402",
    "org" : "58136073trial",
    "deploy-target" : "58136073trial dev",
    "enable-parallel-deployments" : true,
    "region-primary-domain" : "us10.hana.ondemand.com",
    "space" : "dev",
    "region-domain" : "us10-001.hana.ondemand.com",
    "xs-api-url" : "https://api.cf.us10-001.hana.ondemand.com",
    "deploy-url" : "deploy-service.cfapps.us10-001.hana.ondemand.com",
    "xs-type" : "CF",
    "default-domain" : "cfapps.us10-001.hana.ondemand.com",
    "mta-version" : "1.0.0",
    "xs-auth-url" : "********",
    "space-guid" : "13a60b41-5bb4-40de-be02-0728b9134525",
    "user" : "********",
    "controller-url" : "https://api.cf.us10-001.hana.ondemand.com",
    "timestamp" : "20260917114450"
  },
  "parametersMetadata" : {
    "metadata" : { }
  }
}#
#2026 09 17 11:44:51.431#Z#DEBUG#3094b1d5-b28d-11f1-8b44-eeee0a821e4e.OPERATION#flowable-async-job-executor-thread-5459#
[ProcessDescriptorStep] Merged descriptor properties and parameters resolved#
#2026 09 17 11:44:51.431#Z#DEBUG#3094b1d5-b28d-11f1-8b44-eeee0a821e4e.OPERATION#flowable-async-job-executor-thread-5459#
Step "Process Descriptor Step" finished#
#2026 09 17 11:44:51.470#Z#DEBUG#3094b1d5-b28d-11f1-8b44-eeee0a821e4e.OPERATION#flowable-async-job-executor-thread-5458#
[XS2BuildCloudDeployModelStep] Executing task "buildDeployModelTask" of process "3094b1fb-b28d-11f1-8b44-eeee0a821e4e"...#
#2026 09 17 11:44:51.472#Z#DEBUG#3094b1d5-b28d-11f1-8b44-eeee0a821e4e.OPERATION#flowable-async-job-executor-thread-5458#
[XS2BuildCloudDeployModelStep] Service keys defined for content deployment grouped by service name: {
  "van-stock-profile-repo-host" : [ {
    "name" : "********",
    "v3Metadata" : {
      "annotations" : {
        "mta_id" : "van-stock-profile",
        "mta_version" : "1.0.0"
      },
      "labels" : {
        "mta_id" : "5665fab984685b367b642bd8f3627e7e",
        "space_guid" : "13a60b41-5bb4-40de-be02-0728b9134525"
      }
    },
    "credentials" : "********",
    "moduleName" : "van-stock-profile-app-content",
    "resourceName" : "van-stock-profile-repo-host",
    "serviceInstance" : {
      "isOptional" : false,
      "isManaged" : false,
      "name" : "van-stock-profile-html5-service",
      "credentials" : "********",
      "tags" : [ ],
      "shouldSkipParametersUpdate" : false,
      "shouldSkipPlanUpdate" : false,
      "shouldSkipTagsUpdate" : false,
      "shouldSkipSyslogUrlUpdate" : false
    },
    "shouldDeleteServiceKeyAfterDeploy" : "********",
    "resourceType" : "org.cloudfoundry.managed-service"
  }, {
    "name" : "********",
    "v3Metadata" : {
      "annotations" : {
        "mta_id" : "van-stock-profile",
        "mta_version" : "1.0.0"
      },
      "labels" : {
        "mta_id" : "5665fab984685b367b642bd8f3627e7e",
        "space_guid" : "13a60b41-5bb4-40de-be02-0728b9134525"
      }
    },
    "credentials" : "********",
    "moduleName" : "van-stock-profile-destination-content",
    "resourceName" : "van-stock-profile-repo-host",
    "serviceInstance" : {
      "isOptional" : false,
      "isManaged" : false,
      "name" : "van-stock-profile-html5-service",
      "credentials" : "********",
      "tags" : [ ],
      "shouldSkipParametersUpdate" : false,
      "shouldSkipPlanUpdate" : false,
      "shouldSkipTagsUpdate" : false,
      "shouldSkipSyslogUrlUpdate" : false
    },
    "shouldDeleteServiceKeyAfterDeploy" : "********",
    "resourceType" : "org.cloudfoundry.managed-service"
  } ],
  "van-stock-profile-destination-service" : [ {
    "name" : "********",
    "v3Metadata" : {
      "annotations" : {
        "mta_id" : "van-stock-profile",
        "mta_version" : "1.0.0"
      },
      "labels" : {
        "mta_id" : "5665fab984685b367b642bd8f3627e7e",
        "space_guid" : "13a60b41-5bb4-40de-be02-0728b9134525"
      }
    },
    "credentials" : "********",
    "moduleName" : "van-stock-profile-destination-content",
    "resourceName" : "van-stock-profile-destination-service",
    "serviceInstance" : {
      "isOptional" : false,
      "isManaged" : false,
      "name" : "van-stock-profile-destination-service",
      "credentials" : "********",
      "tags" : [ ],
      "shouldSkipParametersUpdate" : false,
      "shouldSkipPlanUpdate" : false,
      "shouldSkipTagsUpdate" : false,
      "shouldSkipSyslogUrlUpdate" : false
    },
    "shouldDeleteServiceKeyAfterDeploy" : "********",
    "resourceType" : "org.cloudfoundry.managed-service"
  } ],
  "van-stock-profile-auth" : "********"
}#
#2026 09 17 11:44:51.472#Z#DEBUG#3094b1d5-b28d-11f1-8b44-eeee0a821e4e.OPERATION#flowable-async-job-executor-thread-5458#
[XS2BuildCloudDeployModelStep] Building cloud deployment model...#
#2026 09 17 11:44:51.473#Z#DEBUG#3094b1d5-b28d-11f1-8b44-eeee0a821e4e.OPERATION#flowable-async-job-executor-thread-5458#
[XS2BuildCloudDeployModelStep] MTA archive modules: [van-stock-profile-db-deployer, van-stock-profile-app-content, van-stock-profile-srv]#
#2026 09 17 11:44:51.473#Z#DEBUG#3094b1d5-b28d-11f1-8b44-eeee0a821e4e.OPERATION#flowable-async-job-executor-thread-5458#
[XS2BuildCloudDeployModelStep] Deployed modules: [van-stock-profile-db-deployer, van-stock-profile-srv]#
#2026 09 17 11:44:51.474#Z#DEBUG#3094b1d5-b28d-11f1-8b44-eeee0a821e4e.OPERATION#flowable-async-job-executor-thread-5458#
[XS2BuildCloudDeployModelStep] MTA modules: [van-stock-profile-db-deployer, van-stock-profile-app-content, van-stock-profile-srv, van-stock-profile-destination-content]#
#2026 09 17 11:44:51.474#Z#DEBUG#3094b1d5-b28d-11f1-8b44-eeee0a821e4e.OPERATION#flowable-async-job-executor-thread-5458#
[XS2BuildCloudDeployModelStep] Service keys to create: {
  "van-stock-profile-repo-host" : [ ],
  "van-stock-profile-db" : [ ],
  "van-stock-profile-destination-service" : [ ],
  "van-stock-profile-auth" : "********"
}#
#2026 09 17 11:44:51.475#Z#DEBUG#3094b1d5-b28d-11f1-8b44-eeee0a821e4e.OPERATION#flowable-async-job-executor-thread-5458#
[XS2BuildCloudDeployModelStep] Modules to deploy: [{
  "majorSchemaVersion" : 3,
  "name" : "van-stock-profile-srv",
  "type" : "javascript.nodejs",
  "path" : "van-stock-profile-srv",
  "properties" : { },
  "parameters" : {
    "default-url" : "https://58136073trial-dev-van-stock-profile-srv.cfapps.us10-001.hana.ondemand.com",
    "default-app-name" : "van-stock-profile-srv",
    "generated-password" : "********",
    "default-live-url" : "https://58136073trial-dev-van-stock-profile-srv.cfapps.us10-001.hana.ondemand.com",
    "default-uri" : "58136073trial-dev-van-stock-profile-srv.cfapps.us10-001.hana.ondemand.com",
    "default-instances" : 1,
    "default-live-host" : "58136073trial-dev-van-stock-profile-srv",
    "instances" : 1,
    "buildpack" : "nodejs_buildpack",
    "default-host" : "58136073trial-dev-van-stock-profile-srv",
    "app-name" : "van-stock-profile-srv",
    "default-live-uri" : "58136073trial-dev-van-stock-profile-srv.cfapps.us10-001.hana.ondemand.com",
    "protocol" : "https",
    "default-live-app-name" : "van-stock-profile-srv",
    "default-live-domain" : "cfapps.us10-001.hana.ondemand.com",
    "dependency-type" : "soft",
    "domain" : "cfapps.us10-001.hana.ondemand.com",
    "host" : "58136073trial-dev-van-stock-profile-srv",
    "generated-user" : "********"
  },
  "requiredDependencies" : [ {
    "majorSchemaVersion" : 3,
    "name" : "van-stock-profile-db",
    "properties" : { },
    "parameters" : { },
    "propertiesMetadata" : {
      "metadata" : { }
    },
    "parametersMetadata" : {
      "metadata" : { }
    }
  }, {
    "majorSchemaVersion" : 3,
    "name" : "********",
    "properties" : { },
    "parameters" : { },
    "propertiesMetadata" : {
      "metadata" : { }
    },
    "parametersMetadata" : {
      "metadata" : { }
    }
  } ],
  "providedDependencies" : [ {
    "majorSchemaVersion" : 3,
    "name" : "srv-api",
    "isPublic" : false,
    "properties" : {
      "srv-url" : "https://58136073trial-dev-van-stock-profile-srv.cfapps.us10-001.hana.ondemand.com"
    },
    "parameters" : { },
    "propertiesMetadata" : {
      "metadata" : { }
    },
    "parametersMetadata" : {
      "metadata" : { }
    }
  }, {
    "majorSchemaVersion" : 3,
    "name" : "van-stock-profile-srv",
    "isPublic" : false,
    "properties" : { },
    "parameters" : { },
    "propertiesMetadata" : {
      "metadata" : { }
    },
    "parametersMetadata" : {
      "metadata" : { }
    }
  } ],
  "propertiesMetadata" : {
    "metadata" : { }
  },
  "parametersMetadata" : {
    "metadata" : { }
  },
  "deployedAfter" : [ ],
  "hooks" : [ ]
}, {
  "majorSchemaVersion" : 3,
  "name" : "van-stock-profile-db-deployer",
  "type" : "com.sap.xs.hdi",
  "path" : "van-stock-profile-db-deployer",
  "properties" : {
    "EXIT" : 1
  },
  "parameters" : {
    "default-url" : "https://58136073trial-dev-van-stock-profile-db-deployer.cfapps.us10-001.hana.ondemand.com",
    "default-app-name" : "van-stock-profile-db-deployer",
    "generated-password" : "********",
    "default-live-url" : "https://58136073trial-dev-van-stock-profile-db-deployer.cfapps.us10-001.hana.ondemand.com",
    "default-uri" : "58136073trial-dev-van-stock-profile-db-deployer.cfapps.us10-001.hana.ondemand.com",
    "memory" : "256M",
    "default-instances" : 1,
    "no-route" : true,
    "default-live-host" : "58136073trial-dev-van-stock-profile-db-deployer",
    "instances" : 1,
    "buildpack" : "nodejs_buildpack",
    "default-host" : "58136073trial-dev-van-stock-profile-db-deployer",
    "app-name" : "van-stock-profile-db-deployer",
    "default-live-uri" : "58136073trial-dev-van-stock-profile-db-deployer.cfapps.us10-001.hana.ondemand.com",
    "protocol" : "https",
    "default-live-app-name" : "van-stock-profile-db-deployer",
    "default-live-domain" : "cfapps.us10-001.hana.ondemand.com",
    "dependency-type" : "hard",
    "domain" : "cfapps.us10-001.hana.ondemand.com",
    "host" : "58136073trial-dev-van-stock-profile-db-deployer",
    "generated-user" : "********",
    "tasks" : [ {
      "command" : "npm start",
      "memory" : "256M",
      "name" : "deploy"
    } ],
    "no-start" : true
  },
  "requiredDependencies" : [ {
    "majorSchemaVersion" : 3,
    "name" : "van-stock-profile-db",
    "properties" : { },
    "parameters" : { },
    "propertiesMetadata" : {
      "metadata" : { }
    },
    "parametersMetadata" : {
      "metadata" : { }
    }
  } ],
  "providedDependencies" : [ {
    "majorSchemaVersion" : 3,
    "name" : "van-stock-profile-db-deployer",
    "isPublic" : false,
    "properties" : { },
    "parameters" : { },
    "propertiesMetadata" : {
      "metadata" : { }
    },
    "parametersMetadata" : {
      "metadata" : { }
    }
  } ],
  "propertiesMetadata" : {
    "metadata" : { }
  },
  "parametersMetadata" : {
    "metadata" : { }
  },
  "deployedAfter" : [ ],
  "hooks" : [ ]
}, {
  "majorSchemaVersion" : 3,
  "name" : "van-stock-profile-app-content",
  "type" : "com.sap.application.content",
  "path" : "van-stock-profile-app-content",
  "properties" : { },
  "parameters" : {
    "default-url" : "https://58136073trial-dev-van-stock-profile-app-content.cfapps.us10-001.hana.ondemand.com",
    "default-app-name" : "van-stock-profile-app-content",
    "generated-password" : "********",
    "default-live-url" : "https://58136073trial-dev-van-stock-profile-app-content.cfapps.us10-001.hana.ondemand.com",
    "default-uri" : "58136073trial-dev-van-stock-profile-app-content.cfapps.us10-001.hana.ondemand.com",
    "default-instances" : 1,
    "default-live-host" : "58136073trial-dev-van-stock-profile-app-content",
    "instances" : 1,
    "default-host" : "58136073trial-dev-van-stock-profile-app-content",
    "app-name" : "van-stock-profile-app-content",
    "default-live-uri" : "58136073trial-dev-van-stock-profile-app-content.cfapps.us10-001.hana.ondemand.com",
    "protocol" : "https",
    "default-live-app-name" : "van-stock-profile-app-content",
    "default-live-domain" : "cfapps.us10-001.hana.ondemand.com",
    "dependency-type" : "soft",
    "domain" : "cfapps.us10-001.hana.ondemand.com",
    "host" : "58136073trial-dev-van-stock-profile-app-content",
    "generated-user" : "********"
  },
  "requiredDependencies" : [ {
    "majorSchemaVersion" : 3,
    "name" : "van-stock-profile-repo-host",
    "properties" : { },
    "parameters" : {
      "content-target" : true
    },
    "propertiesMetadata" : {
      "metadata" : { }
    },
    "parametersMetadata" : {
      "metadata" : { }
    }
  } ],
  "providedDependencies" : [ {
    "majorSchemaVersion" : 3,
    "name" : "van-stock-profile-app-content",
    "isPublic" : false,
    "properties" : { },
    "parameters" : { },
    "propertiesMetadata" : {
      "metadata" : { }
    },
    "parametersMetadata" : {
      "metadata" : { }
    }
  } ],
  "propertiesMetadata" : {
    "metadata" : { }
  },
  "parametersMetadata" : {
    "metadata" : { }
  },
  "deployedAfter" : [ ],
  "hooks" : [ ]
}, {
  "majorSchemaVersion" : 3,
  "name" : "van-stock-profile-destination-content",
  "type" : "com.sap.application.content",
  "properties" : { },
  "parameters" : {
    "default-url" : "https://58136073trial-dev-van-stock-profile-destination-content.cfapps.us10-001.hana.ondemand.com",
    "default-app-name" : "van-stock-profile-destination-content",
    "generated-password" : "********",
    "default-live-url" : "https://58136073trial-dev-van-stock-profile-destination-content.cfapps.us10-001.hana.ondemand.com",
    "default-uri" : "58136073trial-dev-van-stock-profile-destination-content.cfapps.us10-001.hana.ondemand.com",
    "default-instances" : 1,
    "default-live-host" : "58136073trial-dev-van-stock-profile-destination-content",
    "instances" : 1,
    "default-host" : "58136073trial-dev-van-stock-profile-destination-content",
    "content" : {
      "instance" : {
        "destinations" : [ {
          "Name" : "van_stock_profile_html_repo_host",
          "ServiceInstanceName" : "van-stock-profile-html5-service",
          "ServiceKeyName" : "********",
          "sap.cloud.service" : "van-stock-profile.service"
        }, {
          "Authentication" : "********",
          "Name" : "van_stock_profile_uaa",
          "ServiceInstanceName" : "********",
          "ServiceKeyName" : "********",
          "sap.cloud.service" : "van-stock-profile.service"
        }, {
          "Authentication" : "********",
          "HTML5.DynamicDestination" : true,
          "HTML5.ForwardAuthToken" : "********",
          "Name" : "van_stock_profile_srv_api",
          "ProxyType" : "Internet",
          "Type" : "HTTP",
          "sap.cloud.service" : "van-stock-profile.service"
        } ],
        "existing_destinations_policy" : "update"
      }
    },
    "app-name" : "van-stock-profile-destination-content",
    "default-live-uri" : "58136073trial-dev-van-stock-profile-destination-content.cfapps.us10-001.hana.ondemand.com",
    "protocol" : "https",
    "default-live-app-name" : "van-stock-profile-destination-content",
    "default-live-domain" : "cfapps.us10-001.hana.ondemand.com",
    "dependency-type" : "soft",
    "domain" : "cfapps.us10-001.hana.ondemand.com",
    "host" : "58136073trial-dev-van-stock-profile-destination-content",
    "generated-user" : "********"
  },
  "requiredDependencies" : [ {
    "majorSchemaVersion" : 3,
    "name" : "van-stock-profile-destination-service",
    "properties" : { },
    "parameters" : {
      "content-target" : true
    },
    "propertiesMetadata" : {
      "metadata" : { }
    },
    "parametersMetadata" : {
      "metadata" : { }
    }
  }, {
    "majorSchemaVersion" : 3,
    "name" : "srv-api",
    "properties" : { },
    "parameters" : { },
    "propertiesMetadata" : {
      "metadata" : { }
    },
    "parametersMetadata" : {
      "metadata" : { }
    }
  }, {
    "majorSchemaVersion" : 3,
    "name" : "van-stock-profile-repo-host",
    "properties" : { },
    "parameters" : {
      "service-key" : "********"
    },
    "propertiesMetadata" : {
      "metadata" : { }
    },
    "parametersMetadata" : {
      "metadata" : { }
    }
  }, {
    "majorSchemaVersion" : 3,
    "name" : "********",
    "properties" : { },
    "parameters" : {
      "service-key" : "********"
    },
    "propertiesMetadata" : {
      "metadata" : { }
    },
    "parametersMetadata" : {
      "metadata" : { }
    }
  } ],
  "providedDependencies" : [ {
    "majorSchemaVersion" : 3,
    "name" : "van-stock-profile-destination-content",
    "isPublic" : false,
    "properties" : { },
    "parameters" : { },
    "propertiesMetadata" : {
      "metadata" : { }
    },
    "parametersMetadata" : {
      "metadata" : { }
    }
  } ],
  "propertiesMetadata" : {
    "metadata" : { }
  },
  "parametersMetadata" : {
    "metadata" : { }
  },
  "deployedAfter" : [ ],
  "hooks" : [ ]
}]#
#2026 09 17 11:44:51.475#Z#DEBUG#3094b1d5-b28d-11f1-8b44-eeee0a821e4e.OPERATION#flowable-async-job-executor-thread-5458#
[XS2BuildCloudDeployModelStep] Custom domains: []#
#2026 09 17 11:44:51.477#Z#DEBUG#3094b1d5-b28d-11f1-8b44-eeee0a821e4e.OPERATION#flowable-async-job-executor-thread-5458#
[XS2BuildCloudDeployModelStep] Calculating resource batches...#
#2026 09 17 11:44:51.477#Z#DEBUG#3094b1d5-b28d-11f1-8b44-eeee0a821e4e.OPERATION#flowable-async-job-executor-thread-5458#
[XS2BuildCloudDeployModelStep] Calculating resource batches completed.#
#2026 09 17 11:44:51.477#Z#DEBUG#3094b1d5-b28d-11f1-8b44-eeee0a821e4e.OPERATION#flowable-async-job-executor-thread-5458#
[XS2BuildCloudDeployModelStep] Cloud deployment model built#
#2026 09 17 11:44:51.477#Z#DEBUG#3094b1d5-b28d-11f1-8b44-eeee0a821e4e.OPERATION#flowable-async-job-executor-thread-5458#
Step "Build Deploy Model" finished#
#2026 09 17 11:44:51.548#Z#DEBUG#3094b1d5-b28d-11f1-8b44-eeee0a821e4e.OPERATION#flowable-async-job-executor-thread-5458#
[BuildCloudUndeployModelStep] Executing task "buildUndeployModelTask" of process "3094b1fb-b28d-11f1-8b44-eeee0a821e4e"...#
#2026 09 17 11:44:51.549#Z#DEBUG#3094b1d5-b28d-11f1-8b44-eeee0a821e4e.OPERATION#flowable-async-job-executor-thread-5458#
[BuildCloudUndeployModelStep] Building cloud undeployment model...#
#2026 09 17 11:44:51.550#Z#DEBUG#3094b1d5-b28d-11f1-8b44-eeee0a821e4e.OPERATION#flowable-async-job-executor-thread-5458#
[BuildCloudUndeployModelStep] Detecting service keys to delete.#
#2026 09 17 11:44:51.551#Z#DEBUG#3094b1d5-b28d-11f1-8b44-eeee0a821e4e.OPERATION#flowable-async-job-executor-thread-5458#
[BuildCloudUndeployModelStep] Detected deployed service keys by service "{van-stock-profile-destination-service=[DeployedMtaServiceKey{name=van-stock-profile-destination-content-van-stock-profile-destination-service-credentials, metadata=CloudMetadata{guid=e2fe1ce7-786f-4d9a-98b3-e61c07dd211b, createdAt=2026-09-17T10:58:54, updatedAt=2026-09-17T10:58:55, url=null}, v3Metadata=Metadata{annotations={mta_id=van-stock-profile, mta_version=1.0.0}, labels={mta_id=5665fab984685b367b642bd8f3627e7e, space_guid=13a60b41-5bb4-40de-be02-0728b9134525}}, credentials=null, serviceInstance=CloudServiceInstance{name=van-stock-profile-destination-service, metadata=CloudMetadata{guid=38485116-95da-4606-9d12-94f3a14ef472, createdAt=2026-09-17T10:18:02, updatedAt=2026-09-17T10:18:05, url=null}, v3Metadata=Metadata{annotations={mta_id=van-stock-profile, mta_version=1.0.0, mta_resource={"name":"van-stock-profile-destination-service"}}, labels={mta_id=5665fab984685b367b642bd8f3627e7e}}, label=null, plan=null, provider=null, broker=null, version=null, credentials={}, syslogDrainUrl=null, tags=[], type=managed, lastOperation=null}, serviceKeyOperation=null, resourceName=null}], van-stock-profile-auth=[DeployedMtaServiceKey{name=van-stock-profile-auth-key, metadata=CloudMetadata{guid=6fbac8f6-40ee-4bed-b3a4-1c5c1041085f, createdAt=2026-09-17T10:58:54, updatedAt=2026-09-17T10:58:54, url=null}, v3Metadata=Metadata{annotations={mta_id=van-stock-profile, mta_version=1.0.0}, labels={mta_id=5665fab984685b367b642bd8f3627e7e, space_guid=13a60b41-5bb4-40de-be02-0728b9134525}}, credentials=null, serviceInstance=CloudServiceInstance{name=van-stock-profile-auth, metadata=CloudMetadata{guid=e79d75e8-6273-4d8c-bb35-e8d9268e0e09, createdAt=2026-09-17T10:39:21, updatedAt=2026-09-17T10:39:21, url=null}, v3Metadata=Metadata{annotations={mta_id=van-stock-profile, mta_version=1.0.0, mta_resource={"name":"van-stock-profile-auth"}}, labels={mta_id=5665fab984685b367b642bd8f3627e7e}}, label=null, plan=null, provider=null, broker=null, version=null, credentials={}, syslogDrainUrl=null, tags=[], type=managed, lastOperation=null}, serviceKeyOperation=null, resourceName=null}], van-stock-profile-html5-service=[DeployedMtaServiceKey{name=van-stock-profile-app-content-van-stock-profile-repo-host-credentials, metadata=CloudMetadata{guid=54bbcc37-3223-4fa1-bef8-4d1fe85de9ab, createdAt=2026-09-17T10:18:28, updatedAt=2026-09-17T10:18:28, url=null}, v3Metadata=Metadata{annotations={mta_id=van-stock-profile, mta_version=1.0.0}, labels={mta_id=5665fab984685b367b642bd8f3627e7e, space_guid=13a60b41-5bb4-40de-be02-0728b9134525}}, credentials=null, serviceInstance=CloudServiceInstance{name=van-stock-profile-html5-service, metadata=CloudMetadata{guid=391bd873-3c1d-409e-9c34-442bc48c81b1, createdAt=2026-09-17T10:18:04, updatedAt=2026-09-17T10:18:04, url=null}, v3Metadata=Metadata{annotations={mta_id=van-stock-profile, mta_version=1.0.0, mta_resource={"name":"van-stock-profile-repo-host"}}, labels={mta_id=5665fab984685b367b642bd8f3627e7e}}, label=null, plan=null, provider=null, broker=null, version=null, credentials={}, syslogDrainUrl=null, tags=[], type=managed, lastOperation=null}, serviceKeyOperation=null, resourceName=null}, DeployedMtaServiceKey{name=van-stock-profile-repo-host-key, metadata=CloudMetadata{guid=227b6d8d-74c8-4bad-96bd-e4dc791e7b97, createdAt=2026-09-17T10:58:54, updatedAt=2026-09-17T10:58:55, url=null}, v3Metadata=Metadata{annotations={mta_id=van-stock-profile, mta_version=1.0.0}, labels={mta_id=5665fab984685b367b642bd8f3627e7e, space_guid=13a60b41-5bb4-40de-be02-0728b9134525}}, credentials=null, serviceInstance=CloudServiceInstance{name=van-stock-profile-html5-service, metadata=CloudMetadata{guid=391bd873-3c1d-409e-9c34-442bc48c81b1, createdAt=2026-09-17T10:18:04, updatedAt=2026-09-17T10:18:04, url=null}, v3Metadata=Metadata{annotations={mta_id=van-stock-profile, mta_version=1.0.0, mta_resource={"name":"van-stock-profile-repo-host"}}, labels={mta_id=5665fab984685b367b642bd8f3627e7e}}, label=null, plan=null, provider=null, broker=null, version=null, credentials={}, syslogDrainUrl=null, tags=[], type=managed, lastOperation=null}, serviceKeyOperation=null, resourceName=null}]}"#
#2026 09 17 11:44:51.552#Z#DEBUG#3094b1d5-b28d-11f1-8b44-eeee0a821e4e.OPERATION#flowable-async-job-executor-thread-5458#
[BuildCloudUndeployModelStep] New service keys by service "{van-stock-profile-destination-service=[van-stock-profile-destination-content-van-stock-profile-destination-service-credentials], van-stock-profile-auth=[van-stock-profile-auth-key], van-stock-profile-html5-service=[van-stock-profile-app-content-van-stock-profile-repo-host-credentials, van-stock-profile-repo-host-key]}"#
#2026 09 17 11:44:51.552#Z#DEBUG#3094b1d5-b28d-11f1-8b44-eeee0a821e4e.OPERATION#flowable-async-job-executor-thread-5458#
[BuildCloudUndeployModelStep] Existing service keys by service "{}"#
#2026 09 17 11:44:51.552#Z#DEBUG#3094b1d5-b28d-11f1-8b44-eeee0a821e4e.OPERATION#flowable-async-job-executor-thread-5458#
[BuildCloudUndeployModelStep] Detected service keys to delete "[]"#
#2026 09 17 11:44:51.554#Z#DEBUG#3094b1d5-b28d-11f1-8b44-eeee0a821e4e.OPERATION#flowable-async-job-executor-thread-5458#
[BuildCloudUndeployModelStep] MTA modules: [van-stock-profile-db-deployer, van-stock-profile-app-content, van-stock-profile-srv, van-stock-profile-destination-content]#
#2026 09 17 11:44:51.554#Z#DEBUG#3094b1d5-b28d-11f1-8b44-eeee0a821e4e.OPERATION#flowable-async-job-executor-thread-5458#
[BuildCloudUndeployModelStep] Modules to undeploy: [ ]#
#2026 09 17 11:44:51.554#Z#DEBUG#3094b1d5-b28d-11f1-8b44-eeee0a821e4e.OPERATION#flowable-async-job-executor-thread-5458#
[BuildCloudUndeployModelStep] Modules that won't be changed: [ ]#
#2026 09 17 11:44:51.555#Z#DEBUG#3094b1d5-b28d-11f1-8b44-eeee0a821e4e.OPERATION#flowable-async-job-executor-thread-5458#
[BuildCloudUndeployModelStep] Subscriptions to delete: [ ]#
#2026 09 17 11:44:51.556#Z#DEBUG#3094b1d5-b28d-11f1-8b44-eeee0a821e4e.OPERATION#flowable-async-job-executor-thread-5458#
[BuildCloudUndeployModelStep] Cloud services to delete: []#
#2026 09 17 11:44:51.556#Z#DEBUG#3094b1d5-b28d-11f1-8b44-eeee0a821e4e.OPERATION#flowable-async-job-executor-thread-5458#
[BuildCloudUndeployModelStep] Cloud applications to undeploy: [ ]#
#2026 09 17 11:44:51.558#Z#DEBUG#3094b1d5-b28d-11f1-8b44-eeee0a821e4e.OPERATION#flowable-async-job-executor-thread-5458#
[BuildCloudUndeployModelStep] Cloud undeployment model built#
#2026 09 17 11:44:51.558#Z#DEBUG#3094b1d5-b28d-11f1-8b44-eeee0a821e4e.OPERATION#flowable-async-job-executor-thread-5458#
Step "Build Undeploy Model" finished#
#2026 09 17 11:44:51.596#Z#DEBUG#3094b1d5-b28d-11f1-8b44-eeee0a821e4e.OPERATION#flowable-async-job-executor-thread-5458#
[AddDomainsStep] Executing task "addDomainsTask" of process "3094b1fb-b28d-11f1-8b44-eeee0a821e4e"...#
#2026 09 17 11:44:51.597#Z#DEBUG#3094b1d5-b28d-11f1-8b44-eeee0a821e4e.OPERATION#flowable-async-job-executor-thread-5458#
[AddDomainsStep] Custom domains: []#
#2026 09 17 11:44:51.597#Z#DEBUG#3094b1d5-b28d-11f1-8b44-eeee0a821e4e.OPERATION#flowable-async-job-executor-thread-5458#
Step "Add Domains" finished#
#2026 09 17 11:44:52.013#Z#DEBUG#3094b1d5-b28d-11f1-8b44-eeee0a821e4e.OPERATION#flowable-async-job-executor-thread-5457#
[ExtractBatchedServicesWithResolvedDynamicParametersStep] Executing task "prepareModulesDeploymentTask" of process "318a5c53-b28d-11f1-8b44-eeee0a821e4e"...#
#2026 09 17 11:44:52.014#Z#DEBUG#3094b1d5-b28d-11f1-8b44-eeee0a821e4e.OPERATION#flowable-async-job-executor-thread-5457#
[ExtractBatchedServicesWithResolvedDynamicParametersStep] Extracting services and resolving dynamic parameters from batch#
#2026 09 17 11:44:52.014#Z#DEBUG#3094b1d5-b28d-11f1-8b44-eeee0a821e4e.OPERATION#flowable-async-job-executor-thread-5457#
[ExtractBatchedServicesWithResolvedDynamicParametersStep] Services to create: [ {
  "isOptional" : false,
  "isManaged" : true,
  "name" : "van-stock-profile-db",
  "v3Metadata" : {
    "annotations" : {
      "mta_id" : "van-stock-profile",
      "mta_version" : "1.0.0",
      "mta_resource" : "{\"name\":\"van-stock-profile-db\"}"
    },
    "labels" : {
      "mta_id" : "5665fab984685b367b642bd8f3627e7e"
    }
  },
  "label" : "hana",
  "plan" : "hdi-shared",
  "credentials" : "********",
  "tags" : [ ],
  "type" : "managed",
  "resourceName" : "van-stock-profile-db",
  "shouldSkipParametersUpdate" : false,
  "shouldSkipPlanUpdate" : false,
  "shouldSkipTagsUpdate" : false,
  "shouldSkipSyslogUrlUpdate" : false
}, {
  "isOptional" : false,
  "isManaged" : true,
  "name" : "********",
  "v3Metadata" : {
    "annotations" : {
      "mta_id" : "van-stock-profile",
      "mta_version" : "1.0.0",
      "mta_resource" : "********"
    },
    "labels" : {
      "mta_id" : "5665fab984685b367b642bd8f3627e7e"
    }
  },
  "label" : "xsuaa",
  "plan" : "application",
  "credentials" : "********",
  "tags" : [ ],
  "type" : "managed",
  "resourceName" : "********",
  "shouldSkipParametersUpdate" : false,
  "shouldSkipPlanUpdate" : false,
  "shouldSkipTagsUpdate" : false,
  "shouldSkipSyslogUrlUpdate" : false
}, {
  "isOptional" : false,
  "isManaged" : true,
  "name" : "van-stock-profile-html5-service",
  "v3Metadata" : {
    "annotations" : {
      "mta_id" : "van-stock-profile",
      "mta_version" : "1.0.0",
      "mta_resource" : "{\"name\":\"van-stock-profile-repo-host\"}"
    },
    "labels" : {
      "mta_id" : "5665fab984685b367b642bd8f3627e7e"
    }
  },
  "label" : "html5-apps-repo",
  "plan" : "app-host",
  "credentials" : "********",
  "tags" : [ ],
  "type" : "managed",
  "resourceName" : "van-stock-profile-repo-host",
  "shouldSkipParametersUpdate" : false,
  "shouldSkipPlanUpdate" : false,
  "shouldSkipTagsUpdate" : false,
  "shouldSkipSyslogUrlUpdate" : false
}, {
  "isOptional" : false,
  "isManaged" : true,
  "name" : "van-stock-profile-destination-service",
  "v3Metadata" : {
    "annotations" : {
      "mta_id" : "van-stock-profile",
      "mta_version" : "1.0.0",
      "mta_resource" : "{\"name\":\"van-stock-profile-destination-service\"}"
    },
    "labels" : {
      "mta_id" : "5665fab984685b367b642bd8f3627e7e"
    }
  },
  "label" : "destination",
  "plan" : "lite",
  "credentials" : "********",
  "tags" : [ ],
  "type" : "managed",
  "resourceName" : "van-stock-profile-destination-service",
  "shouldSkipParametersUpdate" : false,
  "shouldSkipPlanUpdate" : false,
  "shouldSkipTagsUpdate" : false,
  "shouldSkipSyslogUrlUpdate" : false
} ]#
#2026 09 17 11:44:52.015#Z#DEBUG#3094b1d5-b28d-11f1-8b44-eeee0a821e4e.OPERATION#flowable-async-job-executor-thread-5457#
Step "Extract Services with Resolved Dynamic parameters from batch" finished#
#2026 09 17 11:44:52.148#Z#DEBUG#3094b1d5-b28d-11f1-8b44-eeee0a821e4e.OPERATION#flowable-async-job-executor-thread-5458#
[CheckServiceOperationStateStep] Executing task "CheckServiceOperationStateTask" of process "31cce3de-b28d-11f1-8b44-eeee0a821e4e"...#
#2026 09 17 11:44:52.149#Z#DEBUG#3094b1d5-b28d-11f1-8b44-eeee0a821e4e.OPERATION#flowable-async-job-executor-thread-5458#
[CheckServiceOperationStateStep] Getting service instance "van-stock-profile-db"...#
#2026 09 17 11:44:52.252#Z#DEBUG#3094b1d5-b28d-11f1-8b44-eeee0a821e4e.OPERATION#flowable-async-job-executor-thread-5458#
Step "Check for service operations in Progress" finished#
#2026 09 17 11:44:52.296#Z#DEBUG#3094b1d5-b28d-11f1-8b44-eeee0a821e4e.OPERATION#flowable-async-job-executor-thread-5458#
[DetermineServiceCreateUpdateServiceActionsStep] Executing task "DetermineServiceCreateUpdateActionsTask" of process "31cce3de-b28d-11f1-8b44-eeee0a821e4e"...#
#2026 09 17 11:44:52.297#Z#INFO#3094b1d5-b28d-11f1-8b44-eeee0a821e4e.OPERATION#flowable-async-job-executor-thread-5458#
[DetermineServiceCreateUpdateServiceActionsStep] Processing service "van-stock-profile-db"...#
#2026 09 17 11:44:52.302#Z#DEBUG#3094b1d5-b28d-11f1-8b44-eeee0a821e4e.OPERATION#flowable-async-job-executor-thread-5458#
[DetermineServiceCreateUpdateServiceActionsStep] Getting service instance "van-stock-profile-db"...#
#2026 09 17 11:44:52.400#Z#DEBUG#3094b1d5-b28d-11f1-8b44-eeee0a821e4e.OPERATION#flowable-async-job-executor-thread-5458#
[DetermineServiceCreateUpdateServiceActionsStep] Existing service: {
  "name" : "van-stock-profile-db",
  "metadata" : {
    "guid" : "0d4c257c-bba9-4e9d-8def-092a70fcf194",
    "createdAt" : [ 2026, 9, 17, 10, 18, 1 ],
    "updatedAt" : [ 2026, 9, 17, 10, 18, 3 ]
  },
  "v3Metadata" : {
    "annotations" : {
      "mta_id" : "van-stock-profile",
      "mta_version" : "1.0.0",
      "mta_resource" : "{\"name\":\"van-stock-profile-db\"}"
    },
    "labels" : {
      "mta_id" : "5665fab984685b367b642bd8f3627e7e"
    }
  },
  "label" : "hana",
  "plan" : "hdi-shared",
  "credentials" : "********",
  "tags" : [ ],
  "type" : "managed",
  "lastOperation" : {
    "type" : "CREATE",
    "state" : "SUCCEEDED"
  }
}#
#2026 09 17 11:44:52.401#Z#WARN#3094b1d5-b28d-11f1-8b44-eeee0a821e4e.OPERATION#flowable-async-job-executor-thread-5458#
[DetermineServiceCreateUpdateServiceActionsStep] Service parameters for service "van-stock-profile-db" will not be updated, as the parameters are not defined or empty.#
#2026 09 17 11:44:52.401#Z#DEBUG#3094b1d5-b28d-11f1-8b44-eeee0a821e4e.OPERATION#flowable-async-job-executor-thread-5458#
Step "Determine update actions" finished#
#2026 09 17 11:44:52.447#Z#DEBUG#3094b1d5-b28d-11f1-8b44-eeee0a821e4e.OPERATION#flowable-async-job-executor-thread-5456#
[CheckForServiceBindingOrKeyOperationStep] Executing task "CheckForServiceBindingOrKeyCreation" of process "31cce3de-b28d-11f1-8b44-eeee0a821e4e"...#
#2026 09 17 11:44:52.448#Z#DEBUG#3094b1d5-b28d-11f1-8b44-eeee0a821e4e.OPERATION#flowable-async-job-executor-thread-5456#
Step "Check for service binding or key creation" finished#
#2026 09 17 11:44:52.879#Z#DEBUG#3094b1d5-b28d-11f1-8b44-eeee0a821e4e.OPERATION#flowable-async-job-executor-thread-4699#
[CheckServiceOperationStateStep] Executing task "CheckServiceOperationStateTask" of process "323717b0-b28d-11f1-a404-eeee0a8d0d65"...#
#2026 09 17 11:44:52.880#Z#DEBUG#3094b1d5-b28d-11f1-8b44-eeee0a821e4e.OPERATION#flowable-async-job-executor-thread-4699#
[CheckServiceOperationStateStep] Getting service instance "van-stock-profile-html5-service"...#
#2026 09 17 11:44:52.983#Z#DEBUG#3094b1d5-b28d-11f1-8b44-eeee0a821e4e.OPERATION#flowable-async-job-executor-thread-4699#
Step "Check for service operations in Progress" finished#
#2026 09 17 11:44:53.014#Z#DEBUG#3094b1d5-b28d-11f1-8b44-eeee0a821e4e.OPERATION#flowable-async-job-executor-thread-4699#
[DetermineServiceCreateUpdateServiceActionsStep] Executing task "DetermineServiceCreateUpdateActionsTask" of process "323717b0-b28d-11f1-a404-eeee0a8d0d65"...#
#2026 09 17 11:44:53.016#Z#INFO#3094b1d5-b28d-11f1-8b44-eeee0a821e4e.OPERATION#flowable-async-job-executor-thread-4699#
[DetermineServiceCreateUpdateServiceActionsStep] Processing service "van-stock-profile-html5-service"...#
#2026 09 17 11:44:53.022#Z#DEBUG#3094b1d5-b28d-11f1-8b44-eeee0a821e4e.OPERATION#flowable-async-job-executor-thread-4699#
[DetermineServiceCreateUpdateServiceActionsStep] Getting service instance "van-stock-profile-html5-service"...#
#2026 09 17 11:44:53.134#Z#DEBUG#3094b1d5-b28d-11f1-8b44-eeee0a821e4e.OPERATION#flowable-async-job-executor-thread-4699#
[DetermineServiceCreateUpdateServiceActionsStep] Existing service: {
  "name" : "van-stock-profile-html5-service",
  "metadata" : {
    "guid" : "391bd873-3c1d-409e-9c34-442bc48c81b1",
    "createdAt" : [ 2026, 9, 17, 10, 18, 4 ],
    "updatedAt" : [ 2026, 9, 17, 10, 18, 4 ]
  },
  "v3Metadata" : {
    "annotations" : {
      "mta_id" : "van-stock-profile",
      "mta_version" : "1.0.0",
      "mta_resource" : "{\"name\":\"van-stock-profile-repo-host\"}"
    },
    "labels" : {
      "mta_id" : "5665fab984685b367b642bd8f3627e7e"
    }
  },
  "label" : "html5-apps-repo",
  "plan" : "app-host",
  "credentials" : "********",
  "tags" : [ ],
  "type" : "managed",
  "lastOperation" : {
    "type" : "CREATE",
    "description" : "",
    "state" : "SUCCEEDED"
  }
}#
#2026 09 17 11:44:53.134#Z#WARN#3094b1d5-b28d-11f1-8b44-eeee0a821e4e.OPERATION#flowable-async-job-executor-thread-4699#
[DetermineServiceCreateUpdateServiceActionsStep] Service parameters for service "van-stock-profile-html5-service" will not be updated, as the parameters are not defined or empty.#
#2026 09 17 11:44:53.135#Z#DEBUG#3094b1d5-b28d-11f1-8b44-eeee0a821e4e.OPERATION#flowable-async-job-executor-thread-4699#
Step "Determine update actions" finished#
#2026 09 17 11:44:53.171#Z#DEBUG#3094b1d5-b28d-11f1-8b44-eeee0a821e4e.OPERATION#flowable-async-job-executor-thread-4699#
[CheckForServiceBindingOrKeyOperationStep] Executing task "CheckForServiceBindingOrKeyCreation" of process "323717b0-b28d-11f1-a404-eeee0a8d0d65"...#
#2026 09 17 11:44:53.172#Z#DEBUG#3094b1d5-b28d-11f1-8b44-eeee0a821e4e.OPERATION#flowable-async-job-executor-thread-4699#
Step "Check for service binding or key creation" finished#
#2026 09 17 11:44:55.808#Z#DEBUG#3094b1d5-b28d-11f1-8b44-eeee0a821e4e.OPERATION#flowable-async-job-executor-thread-4225#
[CheckServiceOperationStateStep] Executing task "CheckServiceOperationStateTask" of process "33ff5416-b28d-11f1-853a-eeee0a812a2c"...#
#2026 09 17 11:44:55.809#Z#DEBUG#3094b1d5-b28d-11f1-8b44-eeee0a821e4e.OPERATION#flowable-async-job-executor-thread-4225#
[CheckServiceOperationStateStep] Getting service instance "van-stock-profile-destination-service"...#
#2026 09 17 11:44:55.921#Z#DEBUG#3094b1d5-b28d-11f1-8b44-eeee0a821e4e.OPERATION#flowable-async-job-executor-thread-4225#
Step "Check for service operations in Progress" finished#
#2026 09 17 11:44:55.882#Z#DEBUG#3094b1d5-b28d-11f1-8b44-eeee0a821e4e.OPERATION#flowable-async-job-executor-thread-4704#
[CheckServiceOperationStateStep] Executing task "CheckServiceOperationStateTask" of process "3409db94-b28d-11f1-a404-eeee0a8d0d65"...#
#2026 09 17 11:44:55.882#Z#DEBUG#3094b1d5-b28d-11f1-8b44-eeee0a821e4e.OPERATION#flowable-async-job-executor-thread-4704#
[CheckServiceOperationStateStep] Getting service instance "van-stock-profile-auth"...#
#2026 09 17 11:44:55.982#Z#DEBUG#3094b1d5-b28d-11f1-8b44-eeee0a821e4e.OPERATION#flowable-async-job-executor-thread-4704#
Step "Check for service operations in Progress" finished#
#2026 09 17 11:44:55.946#Z#DEBUG#3094b1d5-b28d-11f1-8b44-eeee0a821e4e.OPERATION#flowable-async-job-executor-thread-4227#
[DetermineServiceCreateUpdateServiceActionsStep] Executing task "DetermineServiceCreateUpdateActionsTask" of process "33ff5416-b28d-11f1-853a-eeee0a812a2c"...#
#2026 09 17 11:44:55.947#Z#INFO#3094b1d5-b28d-11f1-8b44-eeee0a821e4e.OPERATION#flowable-async-job-executor-thread-4227#
[DetermineServiceCreateUpdateServiceActionsStep] Processing service "van-stock-profile-destination-service"...#
#2026 09 17 11:44:55.952#Z#DEBUG#3094b1d5-b28d-11f1-8b44-eeee0a821e4e.OPERATION#flowable-async-job-executor-thread-4227#
[DetermineServiceCreateUpdateServiceActionsStep] Getting service instance "van-stock-profile-destination-service"...#
#2026 09 17 11:44:56.058#Z#DEBUG#3094b1d5-b28d-11f1-8b44-eeee0a821e4e.OPERATION#flowable-async-job-executor-thread-4227#
[DetermineServiceCreateUpdateServiceActionsStep] Existing service: {
  "name" : "van-stock-profile-destination-service",
  "metadata" : {
    "guid" : "38485116-95da-4606-9d12-94f3a14ef472",
    "createdAt" : [ 2026, 9, 17, 10, 18, 2 ],
    "updatedAt" : [ 2026, 9, 17, 10, 18, 5 ]
  },
  "v3Metadata" : {
    "annotations" : {
      "mta_id" : "van-stock-profile",
      "mta_version" : "1.0.0",
      "mta_resource" : "{\"name\":\"van-stock-profile-destination-service\"}"
    },
    "labels" : {
      "mta_id" : "5665fab984685b367b642bd8f3627e7e"
    }
  },
  "label" : "destination",
  "plan" : "lite",
  "credentials" : "********",
  "tags" : [ ],
  "type" : "managed",
  "lastOperation" : {
    "type" : "UPDATE",
    "description" : "",
    "state" : "SUCCEEDED"
  }
}#
#2026 09 17 11:44:56.058#Z#DEBUG#3094b1d5-b28d-11f1-8b44-eeee0a821e4e.OPERATION#flowable-async-job-executor-thread-4227#
[DetermineServiceCreateUpdateServiceActionsStep] Service parameters will be updated#
#2026 09 17 11:44:56.058#Z#DEBUG#3094b1d5-b28d-11f1-8b44-eeee0a821e4e.OPERATION#flowable-async-job-executor-thread-4227#
[DetermineServiceCreateUpdateServiceActionsStep] New parameters: {
  "HTML5Runtime_enabled" : true,
  "init_data" : {
    "instance" : {
      "destinations" : [ {
        "Authentication" : "********",
        "Name" : "ui5",
        "ProxyType" : "Internet",
        "URL" : "https://ui5.sap.com"
      } ],
      "existing_destinations_policy" : "update"
    }
  },
  "version" : "1.0.0"
}#
#2026 09 17 11:44:56.058#Z#DEBUG#3094b1d5-b28d-11f1-8b44-eeee0a821e4e.OPERATION#flowable-async-job-executor-thread-4227#
Step "Determine update actions" finished#
#2026 09 17 11:44:56.095#Z#DEBUG#3094b1d5-b28d-11f1-8b44-eeee0a821e4e.OPERATION#flowable-async-job-executor-thread-4227#
[CheckForServiceBindingOrKeyOperationStep] Executing task "CheckForServiceBindingOrKeyCreation" of process "33ff5416-b28d-11f1-853a-eeee0a812a2c"...#
#2026 09 17 11:44:56.097#Z#DEBUG#3094b1d5-b28d-11f1-8b44-eeee0a821e4e.OPERATION#flowable-async-job-executor-thread-4227#
Step "Check for service binding or key creation" finished#
#2026 09 17 11:44:56.010#Z#DEBUG#3094b1d5-b28d-11f1-8b44-eeee0a821e4e.OPERATION#flowable-async-job-executor-thread-4706#
[DetermineServiceCreateUpdateServiceActionsStep] Executing task "DetermineServiceCreateUpdateActionsTask" of process "3409db94-b28d-11f1-a404-eeee0a8d0d65"...#
#2026 09 17 11:44:56.011#Z#INFO#3094b1d5-b28d-11f1-8b44-eeee0a821e4e.OPERATION#flowable-async-job-executor-thread-4706#
[DetermineServiceCreateUpdateServiceActionsStep] Processing service "van-stock-profile-auth"...#
#2026 09 17 11:44:56.015#Z#DEBUG#3094b1d5-b28d-11f1-8b44-eeee0a821e4e.OPERATION#flowable-async-job-executor-thread-4706#
[DetermineServiceCreateUpdateServiceActionsStep] Getting service instance "van-stock-profile-auth"...#
#2026 09 17 11:44:56.113#Z#INFO#3094b1d5-b28d-11f1-8b44-eeee0a821e4e.OPERATION#flowable-async-job-executor-thread-4706#
[DetermineServiceCreateUpdateServiceActionsStep] Setting service "van-stock-profile-auth" parameters from "xs-security.json"#
#2026 09 17 11:44:56.152#Z#DEBUG#3094b1d5-b28d-11f1-8b44-eeee0a821e4e.OPERATION#flowable-async-job-executor-thread-4706#
[DetermineServiceCreateUpdateServiceActionsStep] Existing service: {
  "name" : "********",
  "metadata" : {
    "guid" : "e79d75e8-6273-4d8c-bb35-e8d9268e0e09",
    "createdAt" : [ 2026, 9, 17, 10, 39, 21 ],
    "updatedAt" : [ 2026, 9, 17, 10, 39, 21 ]
  },
  "v3Metadata" : {
    "annotations" : {
      "mta_id" : "van-stock-profile",
      "mta_version" : "1.0.0",
      "mta_resource" : "********"
    },
    "labels" : {
      "mta_id" : "5665fab984685b367b642bd8f3627e7e"
    }
  },
  "label" : "xsuaa",
  "plan" : "application",
  "credentials" : "********",
  "tags" : [ ],
  "type" : "managed",
  "lastOperation" : {
    "type" : "UPDATE",
    "description" : "",
    "state" : "SUCCEEDED"
  }
}#
#2026 09 17 11:44:56.153#Z#DEBUG#3094b1d5-b28d-11f1-8b44-eeee0a821e4e.OPERATION#flowable-async-job-executor-thread-4706#
[DetermineServiceCreateUpdateServiceActionsStep] Service parameters will be updated#
#2026 09 17 11:44:56.153#Z#DEBUG#3094b1d5-b28d-11f1-8b44-eeee0a821e4e.OPERATION#flowable-async-job-executor-thread-4706#
[DetermineServiceCreateUpdateServiceActionsStep] New parameters: {
  "attributes" : [ ],
  "description" : "Security profile of called application",
  "role-collections" : [ {
    "name" : "VanStockProfile_Uploader",
    "description" : "Upload and edit",
    "role-template-references" : [ "$XSAPPNAME.Uploader" ]
  }, {
    "name" : "VanStockProfile_Viewer",
    "description" : "Display only",
    "role-template-references" : [ "$XSAPPNAME.Viewer" ]
  } ],
  "role-templates" : [ {
    "name" : "Uploader",
    "description" : "Uploader",
    "scope-references" : [ "$XSAPPNAME.Uploader", "$XSAPPNAME.Viewer", "********" ]
  }, {
    "name" : "Viewer",
    "description" : "Viewer",
    "scope-references" : [ "$XSAPPNAME.Viewer", "********" ]
  } ],
  "scopes" : [ {
    "name" : "$XSAPPNAME.Uploader",
    "description" : "Upload and edit van stock profiles"
  }, {
    "name" : "$XSAPPNAME.Viewer",
    "description" : "Display van stock profiles"
  }, {
    "name" : "********",
    "description" : "UAA"
  } ],
  "tenant-mode" : "dedicated",
  "xsappname" : "van-stock-profile-58136073trial-dev"
}#
#2026 09 17 11:44:56.153#Z#DEBUG#3094b1d5-b28d-11f1-8b44-eeee0a821e4e.OPERATION#flowable-async-job-executor-thread-4706#
Step "Determine update actions" finished#
#2026 09 17 11:44:56.187#Z#DEBUG#3094b1d5-b28d-11f1-8b44-eeee0a821e4e.OPERATION#flowable-async-job-executor-thread-4706#
[CheckForServiceBindingOrKeyOperationStep] Executing task "CheckForServiceBindingOrKeyCreation" of process "3409db94-b28d-11f1-a404-eeee0a8d0d65"...#
#2026 09 17 11:44:56.188#Z#DEBUG#3094b1d5-b28d-11f1-8b44-eeee0a821e4e.OPERATION#flowable-async-job-executor-thread-4706#
Step "Check for service binding or key creation" finished#
#2026 09 17 11:44:56.134#Z#DEBUG#3094b1d5-b28d-11f1-8b44-eeee0a821e4e.OPERATION#flowable-async-job-executor-thread-4227#
[UpdateServiceParametersStep] Executing task "UpdateServiceParametersTask" of process "33ff5416-b28d-11f1-853a-eeee0a812a2c"...#
#2026 09 17 11:44:56.137#Z#INFO#3094b1d5-b28d-11f1-8b44-eeee0a821e4e.OPERATION#flowable-async-job-executor-thread-4227#
[UpdateServiceParametersStep] Updating service "van-stock-profile-destination-service"...#
#2026 09 17 11:44:56.144#Z#DEBUG#3094b1d5-b28d-11f1-8b44-eeee0a821e4e.OPERATION#flowable-async-job-executor-thread-4227#
[UpdateServiceParametersStep] Updating service parameters for service "van-stock-profile-destination-service"...#
#2026 09 17 11:44:56.241#Z#DEBUG#3094b1d5-b28d-11f1-8b44-eeee0a821e4e.OPERATION#flowable-async-job-executor-thread-4227#
[UpdateServiceParametersStep] Service "van-stock-profile-destination-service" updated#
#2026 09 17 11:44:56.241#Z#DEBUG#3094b1d5-b28d-11f1-8b44-eeee0a821e4e.OPERATION#flowable-async-job-executor-thread-4227#
[UpdateServiceParametersStep] Triggered service operations: {
  "van-stock-profile-destination-service" : "UPDATE"
}#
#2026 09 17 11:44:56.242#Z#DEBUG#3094b1d5-b28d-11f1-8b44-eeee0a821e4e.OPERATION#flowable-async-job-executor-thread-4227#
Step "Update parameters" finished#
#2026 09 17 11:44:56.228#Z#DEBUG#3094b1d5-b28d-11f1-8b44-eeee0a821e4e.OPERATION#flowable-async-job-executor-thread-4706#
[UpdateServiceParametersStep] Executing task "UpdateServiceParametersTask" of process "3409db94-b28d-11f1-a404-eeee0a8d0d65"...#
#2026 09 17 11:44:56.232#Z#INFO#3094b1d5-b28d-11f1-8b44-eeee0a821e4e.OPERATION#flowable-async-job-executor-thread-4706#
[UpdateServiceParametersStep] Updating service "van-stock-profile-auth"...#
#2026 09 17 11:44:56.235#Z#DEBUG#3094b1d5-b28d-11f1-8b44-eeee0a821e4e.OPERATION#flowable-async-job-executor-thread-4706#
[UpdateServiceParametersStep] Updating service parameters for service "van-stock-profile-auth"...#
#2026 09 17 11:44:56.329#Z#DEBUG#3094b1d5-b28d-11f1-8b44-eeee0a821e4e.OPERATION#flowable-async-job-executor-thread-4706#
[UpdateServiceParametersStep] Service "van-stock-profile-auth" updated#
#2026 09 17 11:44:56.329#Z#DEBUG#3094b1d5-b28d-11f1-8b44-eeee0a821e4e.OPERATION#flowable-async-job-executor-thread-4706#
[UpdateServiceParametersStep] Triggered service operations: {
  "van-stock-profile-auth" : "UPDATE"
}#
#2026 09 17 11:44:56.330#Z#DEBUG#3094b1d5-b28d-11f1-8b44-eeee0a821e4e.OPERATION#flowable-async-job-executor-thread-4706#
Step "Update parameters" finished#
#2026 09 17 11:45:08.302#Z#DEBUG#3094b1d5-b28d-11f1-8b44-eeee0a821e4e.OPERATION#flowable-async-job-executor-thread-4228#
[UpdateServiceParametersStep] Executing task "UpdateServiceParametersTask" of process "33ff5416-b28d-11f1-853a-eeee0a812a2c"...#
#2026 09 17 11:45:08.303#Z#DEBUG#3094b1d5-b28d-11f1-8b44-eeee0a821e4e.OPERATION#flowable-async-job-executor-thread-4228#
[UpdateServiceParametersStep] Polling service operations...#
#2026 09 17 11:45:08.306#Z#DEBUG#3094b1d5-b28d-11f1-8b44-eeee0a821e4e.OPERATION#flowable-async-job-executor-thread-4228#
[UpdateServiceParametersStep] Getting service instance "van-stock-profile-destination-service"...#
#2026 09 17 11:45:08.409#Z#DEBUG#3094b1d5-b28d-11f1-8b44-eeee0a821e4e.OPERATION#flowable-async-job-executor-thread-4228#
[UpdateServiceParametersStep] Last operation for service "van-stock-profile-destination-service": {
  "type" : "UPDATE",
  "description" : "",
  "state" : "SUCCEEDED"
}#
#2026 09 17 11:45:08.409#Z#DEBUG#3094b1d5-b28d-11f1-8b44-eeee0a821e4e.OPERATION#flowable-async-job-executor-thread-4228#
[UpdateServiceParametersStep] Service "van-stock-profile-destination-service" updated#
#2026 09 17 11:45:08.409#Z#INFO#3094b1d5-b28d-11f1-8b44-eeee0a821e4e.OPERATION#flowable-async-job-executor-thread-4228#
[UpdateServiceParametersStep] 1 of 1 done#
#2026 09 17 11:45:08.423#Z#DEBUG#3094b1d5-b28d-11f1-8b44-eeee0a821e4e.OPERATION#flowable-async-job-executor-thread-4228#
[UpdateServiceParametersStep] Remaining services to poll: [ ]#
#2026 09 17 11:45:08.433#Z#DEBUG#3094b1d5-b28d-11f1-8b44-eeee0a821e4e.OPERATION#flowable-async-job-executor-thread-4228#
Step "Update parameters" finished#
#2026 09 17 11:45:08.283#Z#DEBUG#3094b1d5-b28d-11f1-8b44-eeee0a821e4e.OPERATION#flowable-async-job-executor-thread-4716#
[UpdateServiceParametersStep] Executing task "UpdateServiceParametersTask" of process "3409db94-b28d-11f1-a404-eeee0a8d0d65"...#
#2026 09 17 11:45:08.284#Z#DEBUG#3094b1d5-b28d-11f1-8b44-eeee0a821e4e.OPERATION#flowable-async-job-executor-thread-4716#
[UpdateServiceParametersStep] Polling service operations...#
#2026 09 17 11:45:08.287#Z#DEBUG#3094b1d5-b28d-11f1-8b44-eeee0a821e4e.OPERATION#flowable-async-job-executor-thread-4716#
[UpdateServiceParametersStep] Getting service instance "van-stock-profile-auth"...#
#2026 09 17 11:45:08.406#Z#DEBUG#3094b1d5-b28d-11f1-8b44-eeee0a821e4e.OPERATION#flowable-async-job-executor-thread-4716#
[UpdateServiceParametersStep] Last operation for service "van-stock-profile-auth": {
  "type" : "UPDATE",
  "description" : "",
  "state" : "SUCCEEDED"
}#
#2026 09 17 11:45:08.406#Z#DEBUG#3094b1d5-b28d-11f1-8b44-eeee0a821e4e.OPERATION#flowable-async-job-executor-thread-4716#
[UpdateServiceParametersStep] Service "van-stock-profile-auth" updated#
#2026 09 17 11:45:08.406#Z#INFO#3094b1d5-b28d-11f1-8b44-eeee0a821e4e.OPERATION#flowable-async-job-executor-thread-4716#
[UpdateServiceParametersStep] 1 of 1 done#
#2026 09 17 11:45:08.435#Z#DEBUG#3094b1d5-b28d-11f1-8b44-eeee0a821e4e.OPERATION#flowable-async-job-executor-thread-4716#
[UpdateServiceParametersStep] Remaining services to poll: [ ]#
#2026 09 17 11:45:08.436#Z#DEBUG#3094b1d5-b28d-11f1-8b44-eeee0a821e4e.OPERATION#flowable-async-job-executor-thread-4716#
Step "Update parameters" finished#
#2026 09 17 11:45:11.014#Z#DEBUG#3094b1d5-b28d-11f1-8b44-eeee0a821e4e.OPERATION#flowable-async-job-executor-thread-4230#
[PrepareModulesDeploymentStep] Executing task "prepareModulesDeploymentTask" of process "3d0e355d-b28d-11f1-853a-eeee0a812a2c"...#
#2026 09 17 11:45:11.015#Z#DEBUG#3094b1d5-b28d-11f1-8b44-eeee0a821e4e.OPERATION#flowable-async-job-executor-thread-4230#
[PrepareModulesDeploymentStep] Preparing modules deployment...#
#2026 09 17 11:45:11.021#Z#DEBUG#3094b1d5-b28d-11f1-8b44-eeee0a821e4e.OPERATION#flowable-async-job-executor-thread-4230#
Step "Prepare Modules Deployment" finished#
#2026 09 17 11:45:11.053#Z#DEBUG#3094b1d5-b28d-11f1-8b44-eeee0a821e4e.OPERATION#flowable-async-job-executor-thread-4230#
[ComputeNextModulesStep] Executing task "computeNextModulesToDeployInParallel" of process "3d0e355d-b28d-11f1-853a-eeee0a812a2c"...#
#2026 09 17 11:45:11.053#Z#DEBUG#3094b1d5-b28d-11f1-8b44-eeee0a821e4e.OPERATION#flowable-async-job-executor-thread-4230#
[ComputeNextModulesStep] Computing modules for next parallel iteration...#
#2026 09 17 11:45:11.056#Z#DEBUG#3094b1d5-b28d-11f1-8b44-eeee0a821e4e.OPERATION#flowable-async-job-executor-thread-4230#
[ComputeNextModulesStep] Completed modules detected: []#
#2026 09 17 11:45:11.056#Z#DEBUG#3094b1d5-b28d-11f1-8b44-eeee0a821e4e.OPERATION#flowable-async-job-executor-thread-4230#
[ComputeNextModulesStep] All modules for deploy detected: [van-stock-profile-db-deployer, van-stock-profile-app-content, van-stock-profile-srv, van-stock-profile-destination-content]#
#2026 09 17 11:45:11.056#Z#DEBUG#3094b1d5-b28d-11f1-8b44-eeee0a821e4e.OPERATION#flowable-async-job-executor-thread-4230#
[ComputeNextModulesStep] Modules not for deploy detected: []#
#2026 09 17 11:45:11.057#Z#DEBUG#3094b1d5-b28d-11f1-8b44-eeee0a821e4e.OPERATION#flowable-async-job-executor-thread-4230#
[ComputeNextModulesStep] Computed modules for next parallel iteration: [ {
  "majorSchemaVersion" : 3,
  "name" : "van-stock-profile-srv",
  "type" : "javascript.nodejs",
  "path" : "van-stock-profile-srv",
  "properties" : { },
  "parameters" : {
    "app-name" : "van-stock-profile-srv",
    "buildpack" : "nodejs_buildpack",
    "default-app-name" : "van-stock-profile-srv",
    "default-host" : "58136073trial-dev-van-stock-profile-srv",
    "default-instances" : 1,
    "default-live-app-name" : "van-stock-profile-srv",
    "default-live-domain" : "cfapps.us10-001.hana.ondemand.com",
    "default-live-host" : "58136073trial-dev-van-stock-profile-srv",
    "default-live-uri" : "58136073trial-dev-van-stock-profile-srv.cfapps.us10-001.hana.ondemand.com",
    "default-live-url" : "https://58136073trial-dev-van-stock-profile-srv.cfapps.us10-001.hana.ondemand.com",
    "default-uri" : "58136073trial-dev-van-stock-profile-srv.cfapps.us10-001.hana.ondemand.com",
    "default-url" : "https://58136073trial-dev-van-stock-profile-srv.cfapps.us10-001.hana.ondemand.com",
    "dependency-type" : "soft",
    "domain" : "cfapps.us10-001.hana.ondemand.com",
    "generated-password" : "********",
    "generated-user" : "********",
    "host" : "58136073trial-dev-van-stock-profile-srv",
    "instances" : 1,
    "protocol" : "https"
  },
  "requiredDependencies" : [ {
    "majorSchemaVersion" : 3,
    "name" : "van-stock-profile-db",
    "properties" : { },
    "parameters" : { },
    "propertiesMetadata" : {
      "metadata" : { }
    },
    "parametersMetadata" : {
      "metadata" : { }
    }
  }, {
    "majorSchemaVersion" : 3,
    "name" : "********",
    "properties" : { },
    "parameters" : { },
    "propertiesMetadata" : {
      "metadata" : { }
    },
    "parametersMetadata" : {
      "metadata" : { }
    }
  } ],
  "providedDependencies" : [ {
    "majorSchemaVersion" : 3,
    "name" : "srv-api",
    "isPublic" : false,
    "properties" : {
      "srv-url" : "https://58136073trial-dev-van-stock-profile-srv.cfapps.us10-001.hana.ondemand.com"
    },
    "parameters" : { },
    "propertiesMetadata" : {
      "metadata" : { }
    },
    "parametersMetadata" : {
      "metadata" : { }
    }
  }, {
    "majorSchemaVersion" : 3,
    "name" : "van-stock-profile-srv",
    "isPublic" : false,
    "properties" : { },
    "parameters" : { },
    "propertiesMetadata" : {
      "metadata" : { }
    },
    "parametersMetadata" : {
      "metadata" : { }
    }
  } ],
  "propertiesMetadata" : {
    "metadata" : { }
  },
  "parametersMetadata" : {
    "metadata" : { }
  },
  "deployedAfter" : [ ],
  "hooks" : [ ]
}, {
  "majorSchemaVersion" : 3,
  "name" : "van-stock-profile-db-deployer",
  "type" : "com.sap.xs.hdi",
  "path" : "van-stock-profile-db-deployer",
  "properties" : {
    "EXIT" : 1
  },
  "parameters" : {
    "app-name" : "van-stock-profile-db-deployer",
    "buildpack" : "nodejs_buildpack",
    "default-app-name" : "van-stock-profile-db-deployer",
    "default-host" : "58136073trial-dev-van-stock-profile-db-deployer",
    "default-instances" : 1,
    "default-live-app-name" : "van-stock-profile-db-deployer",
    "default-live-domain" : "cfapps.us10-001.hana.ondemand.com",
    "default-live-host" : "58136073trial-dev-van-stock-profile-db-deployer",
    "default-live-uri" : "58136073trial-dev-van-stock-profile-db-deployer.cfapps.us10-001.hana.ondemand.com",
    "default-live-url" : "https://58136073trial-dev-van-stock-profile-db-deployer.cfapps.us10-001.hana.ondemand.com",
    "default-uri" : "58136073trial-dev-van-stock-profile-db-deployer.cfapps.us10-001.hana.ondemand.com",
    "default-url" : "https://58136073trial-dev-van-stock-profile-db-deployer.cfapps.us10-001.hana.ondemand.com",
    "dependency-type" : "hard",
    "domain" : "cfapps.us10-001.hana.ondemand.com",
    "generated-password" : "********",
    "generated-user" : "********",
    "host" : "58136073trial-dev-van-stock-profile-db-deployer",
    "instances" : 1,
    "memory" : "256M",
    "no-route" : true,
    "no-start" : true,
    "protocol" : "https",
    "tasks" : [ {
      "command" : "npm start",
      "memory" : "256M",
      "name" : "deploy"
    } ]
  },
  "requiredDependencies" : [ {
    "majorSchemaVersion" : 3,
    "name" : "van-stock-profile-db",
    "properties" : { },
    "parameters" : { },
    "propertiesMetadata" : {
      "metadata" : { }
    },
    "parametersMetadata" : {
      "metadata" : { }
    }
  } ],
  "providedDependencies" : [ {
    "majorSchemaVersion" : 3,
    "name" : "van-stock-profile-db-deployer",
    "isPublic" : false,
    "properties" : { },
    "parameters" : { },
    "propertiesMetadata" : {
      "metadata" : { }
    },
    "parametersMetadata" : {
      "metadata" : { }
    }
  } ],
  "propertiesMetadata" : {
    "metadata" : { }
  },
  "parametersMetadata" : {
    "metadata" : { }
  },
  "deployedAfter" : [ ],
  "hooks" : [ ]
}, {
  "majorSchemaVersion" : 3,
  "name" : "van-stock-profile-app-content",
  "type" : "com.sap.application.content",
  "path" : "van-stock-profile-app-content",
  "properties" : { },
  "parameters" : {
    "app-name" : "van-stock-profile-app-content",
    "default-app-name" : "van-stock-profile-app-content",
    "default-host" : "58136073trial-dev-van-stock-profile-app-content",
    "default-instances" : 1,
    "default-live-app-name" : "van-stock-profile-app-content",
    "default-live-domain" : "cfapps.us10-001.hana.ondemand.com",
    "default-live-host" : "58136073trial-dev-van-stock-profile-app-content",
    "default-live-uri" : "58136073trial-dev-van-stock-profile-app-content.cfapps.us10-001.hana.ondemand.com",
    "default-live-url" : "https://58136073trial-dev-van-stock-profile-app-content.cfapps.us10-001.hana.ondemand.com",
    "default-uri" : "58136073trial-dev-van-stock-profile-app-content.cfapps.us10-001.hana.ondemand.com",
    "default-url" : "https://58136073trial-dev-van-stock-profile-app-content.cfapps.us10-001.hana.ondemand.com",
    "dependency-type" : "soft",
    "domain" : "cfapps.us10-001.hana.ondemand.com",
    "generated-password" : "********",
    "generated-user" : "********",
    "host" : "58136073trial-dev-van-stock-profile-app-content",
    "instances" : 1,
    "protocol" : "https"
  },
  "requiredDependencies" : [ {
    "majorSchemaVersion" : 3,
    "name" : "van-stock-profile-repo-host",
    "properties" : { },
    "parameters" : {
      "content-target" : true
    },
    "propertiesMetadata" : {
      "metadata" : { }
    },
    "parametersMetadata" : {
      "metadata" : { }
    }
  } ],
  "providedDependencies" : [ {
    "majorSchemaVersion" : 3,
    "name" : "van-stock-profile-app-content",
    "isPublic" : false,
    "properties" : { },
    "parameters" : { },
    "propertiesMetadata" : {
      "metadata" : { }
    },
    "parametersMetadata" : {
      "metadata" : { }
    }
  } ],
  "propertiesMetadata" : {
    "metadata" : { }
  },
  "parametersMetadata" : {
    "metadata" : { }
  },
  "deployedAfter" : [ ],
  "hooks" : [ ]
}, {
  "majorSchemaVersion" : 3,
  "name" : "van-stock-profile-destination-content",
  "type" : "com.sap.application.content",
  "properties" : { },
  "parameters" : {
    "app-name" : "van-stock-profile-destination-content",
    "content" : {
      "instance" : {
        "destinations" : [ {
          "Name" : "van_stock_profile_html_repo_host",
          "ServiceInstanceName" : "van-stock-profile-html5-service",
          "ServiceKeyName" : "********",
          "sap.cloud.service" : "van-stock-profile.service"
        }, {
          "Authentication" : "********",
          "Name" : "van_stock_profile_uaa",
          "ServiceInstanceName" : "********",
          "ServiceKeyName" : "********",
          "sap.cloud.service" : "van-stock-profile.service"
        }, {
          "Authentication" : "********",
          "HTML5.DynamicDestination" : true,
          "HTML5.ForwardAuthToken" : "********",
          "Name" : "van_stock_profile_srv_api",
          "ProxyType" : "Internet",
          "Type" : "HTTP",
          "sap.cloud.service" : "van-stock-profile.service"
        } ],
        "existing_destinations_policy" : "update"
      }
    },
    "default-app-name" : "van-stock-profile-destination-content",
    "default-host" : "58136073trial-dev-van-stock-profile-destination-content",
    "default-instances" : 1,
    "default-live-app-name" : "van-stock-profile-destination-content",
    "default-live-domain" : "cfapps.us10-001.hana.ondemand.com",
    "default-live-host" : "58136073trial-dev-van-stock-profile-destination-content",
    "default-live-uri" : "58136073trial-dev-van-stock-profile-destination-content.cfapps.us10-001.hana.ondemand.com",
    "default-live-url" : "https://58136073trial-dev-van-stock-profile-destination-content.cfapps.us10-001.hana.ondemand.com",
    "default-uri" : "58136073trial-dev-van-stock-profile-destination-content.cfapps.us10-001.hana.ondemand.com",
    "default-url" : "https://58136073trial-dev-van-stock-profile-destination-content.cfapps.us10-001.hana.ondemand.com",
    "dependency-type" : "soft",
    "domain" : "cfapps.us10-001.hana.ondemand.com",
    "generated-password" : "********",
    "generated-user" : "********",
    "host" : "58136073trial-dev-van-stock-profile-destination-content",
    "instances" : 1,
    "protocol" : "https"
  },
  "requiredDependencies" : [ {
    "majorSchemaVersion" : 3,
    "name" : "van-stock-profile-destination-service",
    "properties" : { },
    "parameters" : {
      "content-target" : true
    },
    "propertiesMetadata" : {
      "metadata" : { }
    },
    "parametersMetadata" : {
      "metadata" : { }
    }
  }, {
    "majorSchemaVersion" : 3,
    "name" : "srv-api",
    "properties" : { },
    "parameters" : { },
    "propertiesMetadata" : {
      "metadata" : { }
    },
    "parametersMetadata" : {
      "metadata" : { }
    }
  }, {
    "majorSchemaVersion" : 3,
    "name" : "van-stock-profile-repo-host",
    "properties" : { },
    "parameters" : {
      "service-key" : "********"
    },
    "propertiesMetadata" : {
      "metadata" : { }
    },
    "parametersMetadata" : {
      "metadata" : { }
    }
  }, {
    "majorSchemaVersion" : 3,
    "name" : "********",
    "properties" : { },
    "parameters" : {
      "service-key" : "********"
    },
    "propertiesMetadata" : {
      "metadata" : { }
    },
    "parametersMetadata" : {
      "metadata" : { }
    }
  } ],
  "providedDependencies" : [ {
    "majorSchemaVersion" : 3,
    "name" : "van-stock-profile-destination-content",
    "isPublic" : false,
    "properties" : { },
    "parameters" : { },
    "propertiesMetadata" : {
      "metadata" : { }
    },
    "parametersMetadata" : {
      "metadata" : { }
    }
  } ],
  "propertiesMetadata" : {
    "metadata" : { }
  },
  "parametersMetadata" : {
    "metadata" : { }
  },
  "deployedAfter" : [ ],
  "hooks" : [ ]
} ]#
#2026 09 17 11:45:11.057#Z#DEBUG#3094b1d5-b28d-11f1-8b44-eeee0a821e4e.OPERATION#flowable-async-job-executor-thread-4230#
Step "Compute Next Modules To Deploy" finished#
#2026 09 17 11:45:11.198#Z#DEBUG#3094b1d5-b28d-11f1-8b44-eeee0a821e4e.OPERATION#flowable-async-job-executor-thread-4230#
[ProcessDescriptorStep] Executing task "reprocessDescriptorTask" of process "3d26c65b-b28d-11f1-853a-eeee0a812a2c"...#
#2026 09 17 11:45:11.199#Z#DEBUG#3094b1d5-b28d-11f1-8b44-eeee0a821e4e.OPERATION#flowable-async-job-executor-thread-4230#
[ProcessDescriptorStep] Resolving properties and parameters in merged descriptor...#
#2026 09 17 11:45:11.204#Z#DEBUG#3094b1d5-b28d-11f1-8b44-eeee0a821e4e.OPERATION#flowable-async-job-executor-thread-4230#
[ProcessDescriptorStep] Subscriptions: [ ]#
#2026 09 17 11:45:11.210#Z#DEBUG#3094b1d5-b28d-11f1-8b44-eeee0a821e4e.OPERATION#flowable-async-job-executor-thread-4230#
[ProcessDescriptorStep] MTA modules: [van-stock-profile-db-deployer, van-stock-profile-app-content, van-stock-profile-srv, van-stock-profile-destination-content]#
#2026 09 17 11:45:11.213#Z#DEBUG#3094b1d5-b28d-11f1-8b44-eeee0a821e4e.OPERATION#flowable-async-job-executor-thread-4230#
[ProcessDescriptorStep] Resolved deployment descriptor: {
  "majorSchemaVersion" : 3,
  "schemaVersion" : "3.3.0",
  "id" : "van-stock-profile",
  "version" : "1.0.0",
  "modules" : [ {
    "majorSchemaVersion" : 3,
    "name" : "van-stock-profile-srv",
    "type" : "javascript.nodejs",
    "path" : "van-stock-profile-srv",
    "properties" : { },
    "parameters" : {
      "default-url" : "https://58136073trial-dev-van-stock-profile-srv.cfapps.us10-001.hana.ondemand.com",
      "default-app-name" : "van-stock-profile-srv",
      "generated-password" : "********",
      "default-live-url" : "https://58136073trial-dev-van-stock-profile-srv.cfapps.us10-001.hana.ondemand.com",
      "default-uri" : "58136073trial-dev-van-stock-profile-srv.cfapps.us10-001.hana.ondemand.com",
      "default-instances" : 1,
      "default-live-host" : "58136073trial-dev-van-stock-profile-srv",
      "instances" : 1,
      "buildpack" : "nodejs_buildpack",
      "default-host" : "58136073trial-dev-van-stock-profile-srv",
      "app-name" : "van-stock-profile-srv",
      "default-live-uri" : "58136073trial-dev-van-stock-profile-srv.cfapps.us10-001.hana.ondemand.com",
      "protocol" : "https",
      "default-live-app-name" : "van-stock-profile-srv",
      "default-live-domain" : "cfapps.us10-001.hana.ondemand.com",
      "domain" : "cfapps.us10-001.hana.ondemand.com",
      "host" : "58136073trial-dev-van-stock-profile-srv",
      "generated-user" : "********"
    },
    "requiredDependencies" : [ {
      "majorSchemaVersion" : 3,
      "name" : "van-stock-profile-db",
      "properties" : { },
      "parameters" : { },
      "propertiesMetadata" : {
        "metadata" : { }
      },
      "parametersMetadata" : {
        "metadata" : { }
      }
    }, {
      "majorSchemaVersion" : 3,
      "name" : "********",
      "properties" : { },
      "parameters" : { },
      "propertiesMetadata" : {
        "metadata" : { }
      },
      "parametersMetadata" : {
        "metadata" : { }
      }
    } ],
    "providedDependencies" : [ {
      "majorSchemaVersion" : 3,
      "name" : "srv-api",
      "isPublic" : false,
      "properties" : {
        "srv-url" : "https://58136073trial-dev-van-stock-profile-srv.cfapps.us10-001.hana.ondemand.com"
      },
      "parameters" : { },
      "propertiesMetadata" : {
        "metadata" : { }
      },
      "parametersMetadata" : {
        "metadata" : { }
      }
    }, {
      "majorSchemaVersion" : 3,
      "name" : "van-stock-profile-srv",
      "isPublic" : false,
      "properties" : { },
      "parameters" : { },
      "propertiesMetadata" : {
        "metadata" : { }
      },
      "parametersMetadata" : {
        "metadata" : { }
      }
    } ],
    "propertiesMetadata" : {
      "metadata" : { }
    },
    "parametersMetadata" : {
      "metadata" : { }
    },
    "hooks" : [ ]
  }, {
    "majorSchemaVersion" : 3,
    "name" : "van-stock-profile-db-deployer",
    "type" : "com.sap.xs.hdi",
    "path" : "van-stock-profile-db-deployer",
    "properties" : {
      "EXIT" : 1
    },
    "parameters" : {
      "default-url" : "https://58136073trial-dev-van-stock-profile-db-deployer.cfapps.us10-001.hana.ondemand.com",
      "default-app-name" : "van-stock-profile-db-deployer",
      "generated-password" : "********",
      "default-live-url" : "https://58136073trial-dev-van-stock-profile-db-deployer.cfapps.us10-001.hana.ondemand.com",
      "default-uri" : "58136073trial-dev-van-stock-profile-db-deployer.cfapps.us10-001.hana.ondemand.com",
      "memory" : "256M",
      "default-instances" : 1,
      "no-route" : true,
      "default-live-host" : "58136073trial-dev-van-stock-profile-db-deployer",
      "instances" : 1,
      "buildpack" : "nodejs_buildpack",
      "default-host" : "58136073trial-dev-van-stock-profile-db-deployer",
      "app-name" : "van-stock-profile-db-deployer",
      "default-live-uri" : "58136073trial-dev-van-stock-profile-db-deployer.cfapps.us10-001.hana.ondemand.com",
      "protocol" : "https",
      "default-live-app-name" : "van-stock-profile-db-deployer",
      "default-live-domain" : "cfapps.us10-001.hana.ondemand.com",
      "dependency-type" : "hard",
      "domain" : "cfapps.us10-001.hana.ondemand.com",
      "host" : "58136073trial-dev-van-stock-profile-db-deployer",
      "generated-user" : "********",
      "tasks" : [ {
        "command" : "npm start",
        "memory" : "256M",
        "name" : "deploy"
      } ],
      "no-start" : true
    },
    "requiredDependencies" : [ {
      "majorSchemaVersion" : 3,
      "name" : "van-stock-profile-db",
      "properties" : { },
      "parameters" : { },
      "propertiesMetadata" : {
        "metadata" : { }
      },
      "parametersMetadata" : {
        "metadata" : { }
      }
    } ],
    "providedDependencies" : [ {
      "majorSchemaVersion" : 3,
      "name" : "van-stock-profile-db-deployer",
      "isPublic" : false,
      "properties" : { },
      "parameters" : { },
      "propertiesMetadata" : {
        "metadata" : { }
      },
      "parametersMetadata" : {
        "metadata" : { }
      }
    } ],
    "propertiesMetadata" : {
      "metadata" : { }
    },
    "parametersMetadata" : {
      "metadata" : { }
    },
    "hooks" : [ ]
  }, {
    "majorSchemaVersion" : 3,
    "name" : "van-stock-profile-app-content",
    "type" : "com.sap.application.content",
    "path" : "van-stock-profile-app-content",
    "properties" : { },
    "parameters" : {
      "default-url" : "https://58136073trial-dev-van-stock-profile-app-content.cfapps.us10-001.hana.ondemand.com",
      "default-app-name" : "van-stock-profile-app-content",
      "generated-password" : "********",
      "default-live-url" : "https://58136073trial-dev-van-stock-profile-app-content.cfapps.us10-001.hana.ondemand.com",
      "default-uri" : "58136073trial-dev-van-stock-profile-app-content.cfapps.us10-001.hana.ondemand.com",
      "default-instances" : 1,
      "default-live-host" : "58136073trial-dev-van-stock-profile-app-content",
      "instances" : 1,
      "default-host" : "58136073trial-dev-van-stock-profile-app-content",
      "app-name" : "van-stock-profile-app-content",
      "default-live-uri" : "58136073trial-dev-van-stock-profile-app-content.cfapps.us10-001.hana.ondemand.com",
      "protocol" : "https",
      "default-live-app-name" : "van-stock-profile-app-content",
      "default-live-domain" : "cfapps.us10-001.hana.ondemand.com",
      "domain" : "cfapps.us10-001.hana.ondemand.com",
      "host" : "58136073trial-dev-van-stock-profile-app-content",
      "generated-user" : "********"
    },
    "requiredDependencies" : [ {
      "majorSchemaVersion" : 3,
      "name" : "van-stock-profile-repo-host",
      "properties" : { },
      "parameters" : {
        "content-target" : true
      },
      "propertiesMetadata" : {
        "metadata" : { }
      },
      "parametersMetadata" : {
        "metadata" : { }
      }
    } ],
    "providedDependencies" : [ {
      "majorSchemaVersion" : 3,
      "name" : "van-stock-profile-app-content",
      "isPublic" : false,
      "properties" : { },
      "parameters" : { },
      "propertiesMetadata" : {
        "metadata" : { }
      },
      "parametersMetadata" : {
        "metadata" : { }
      }
    } ],
    "propertiesMetadata" : {
      "metadata" : { }
    },
    "parametersMetadata" : {
      "metadata" : { }
    },
    "hooks" : [ ]
  }, {
    "majorSchemaVersion" : 3,
    "name" : "van-stock-profile-destination-content",
    "type" : "com.sap.application.content",
    "properties" : { },
    "parameters" : {
      "default-url" : "https://58136073trial-dev-van-stock-profile-destination-content.cfapps.us10-001.hana.ondemand.com",
      "default-app-name" : "van-stock-profile-destination-content",
      "generated-password" : "********",
      "default-live-url" : "https://58136073trial-dev-van-stock-profile-destination-content.cfapps.us10-001.hana.ondemand.com",
      "default-uri" : "58136073trial-dev-van-stock-profile-destination-content.cfapps.us10-001.hana.ondemand.com",
      "default-instances" : 1,
      "default-live-host" : "58136073trial-dev-van-stock-profile-destination-content",
      "instances" : 1,
      "default-host" : "58136073trial-dev-van-stock-profile-destination-content",
      "content" : {
        "instance" : {
          "destinations" : [ {
            "Name" : "van_stock_profile_html_repo_host",
            "ServiceInstanceName" : "van-stock-profile-html5-service",
            "ServiceKeyName" : "********",
            "sap.cloud.service" : "van-stock-profile.service"
          }, {
            "Authentication" : "********",
            "Name" : "van_stock_profile_uaa",
            "ServiceInstanceName" : "********",
            "ServiceKeyName" : "********",
            "sap.cloud.service" : "van-stock-profile.service"
          }, {
            "Authentication" : "********",
            "HTML5.DynamicDestination" : true,
            "HTML5.ForwardAuthToken" : "********",
            "Name" : "van_stock_profile_srv_api",
            "ProxyType" : "Internet",
            "Type" : "HTTP",
            "sap.cloud.service" : "van-stock-profile.service"
          } ],
          "existing_destinations_policy" : "update"
        }
      },
      "app-name" : "van-stock-profile-destination-content",
      "default-live-uri" : "58136073trial-dev-van-stock-profile-destination-content.cfapps.us10-001.hana.ondemand.com",
      "protocol" : "https",
      "default-live-app-name" : "van-stock-profile-destination-content",
      "default-live-domain" : "cfapps.us10-001.hana.ondemand.com",
      "domain" : "cfapps.us10-001.hana.ondemand.com",
      "host" : "58136073trial-dev-van-stock-profile-destination-content",
      "generated-user" : "********"
    },
    "requiredDependencies" : [ {
      "majorSchemaVersion" : 3,
      "name" : "van-stock-profile-destination-service",
      "properties" : { },
      "parameters" : {
        "content-target" : true
      },
      "propertiesMetadata" : {
        "metadata" : { }
      },
      "parametersMetadata" : {
        "metadata" : { }
      }
    }, {
      "majorSchemaVersion" : 3,
      "name" : "srv-api",
      "properties" : { },
      "parameters" : { },
      "propertiesMetadata" : {
        "metadata" : { }
      },
      "parametersMetadata" : {
        "metadata" : { }
      }
    }, {
      "majorSchemaVersion" : 3,
      "name" : "van-stock-profile-repo-host",
      "properties" : { },
      "parameters" : {
        "service-key" : "********"
      },
      "propertiesMetadata" : {
        "metadata" : { }
      },
      "parametersMetadata" : {
        "metadata" : { }
      }
    }, {
      "majorSchemaVersion" : 3,
      "name" : "********",
      "properties" : { },
      "parameters" : {
        "service-key" : "********"
      },
      "propertiesMetadata" : {
        "metadata" : { }
      },
      "parametersMetadata" : {
        "metadata" : { }
      }
    } ],
    "providedDependencies" : [ {
      "majorSchemaVersion" : 3,
      "name" : "van-stock-profile-destination-content",
      "isPublic" : false,
      "properties" : { },
      "parameters" : { },
      "propertiesMetadata" : {
        "metadata" : { }
      },
      "parametersMetadata" : {
        "metadata" : { }
      }
    } ],
    "propertiesMetadata" : {
      "metadata" : { }
    },
    "parametersMetadata" : {
      "metadata" : { }
    },
    "hooks" : [ ]
  } ],
  "resources" : [ {
    "majorSchemaVersion" : 3,
    "name" : "van-stock-profile-db",
    "type" : "com.sap.xs.hdi-container",
    "properties" : { },
    "parameters" : {
      "generated-password" : "********",
      "service-name" : "van-stock-profile-db",
      "service-plan" : "hdi-shared",
      "service" : "hana",
      "generated-user" : "********",
      "default-xsappname" : "van-stock-profile-db",
      "type" : "managed-service",
      "default-service-name" : "van-stock-profile-db",
      "default-container-name" : "58136073TRIAL_DEV_VAN_STOCK_PROFILE_DB"
    },
    "isActive" : true,
    "isOptional" : false,
    "propertiesMetadata" : {
      "metadata" : { }
    },
    "parametersMetadata" : {
      "metadata" : { }
    },
    "requiredDependencies" : [ ],
    "processedAfter" : [ ]
  }, {
    "majorSchemaVersion" : 3,
    "name" : "********",
    "type" : "org.cloudfoundry.managed-service",
    "properties" : { },
    "parameters" : {
      "generated-password" : "********",
      "path" : "./xs-security.json",
      "service-name" : "********",
      "service-plan" : "application",
      "service" : "xsuaa",
      "generated-user" : "********",
      "default-xsappname" : "********",
      "type" : "managed-service",
      "config" : {
        "tenant-mode" : "dedicated",
        "xsappname" : "van-stock-profile-58136073trial-dev"
      },
      "default-service-name" : "********",
      "default-container-name" : "********"
    },
    "isActive" : true,
    "isOptional" : false,
    "propertiesMetadata" : {
      "metadata" : { }
    },
    "parametersMetadata" : {
      "metadata" : { }
    },
    "requiredDependencies" : [ ],
    "processedAfter" : [ ]
  }, {
    "majorSchemaVersion" : 3,
    "name" : "van-stock-profile-repo-host",
    "type" : "org.cloudfoundry.managed-service",
    "properties" : { },
    "parameters" : {
      "generated-password" : "********",
      "service-name" : "van-stock-profile-html5-service",
      "service-plan" : "app-host",
      "service" : "html5-apps-repo",
      "generated-user" : "********",
      "default-xsappname" : "van-stock-profile-repo-host",
      "type" : "managed-service",
      "default-service-name" : "van-stock-profile-repo-host",
      "default-container-name" : "58136073TRIAL_DEV_VAN_STOCK_PROFILE_REPO_HOST"
    },
    "isActive" : true,
    "isOptional" : false,
    "propertiesMetadata" : {
      "metadata" : { }
    },
    "parametersMetadata" : {
      "metadata" : { }
    },
    "requiredDependencies" : [ ],
    "processedAfter" : [ ]
  }, {
    "majorSchemaVersion" : 3,
    "name" : "van-stock-profile-destination-service",
    "type" : "org.cloudfoundry.managed-service",
    "properties" : { },
    "parameters" : {
      "generated-password" : "********",
      "service-name" : "van-stock-profile-destination-service",
      "service-plan" : "lite",
      "service" : "destination",
      "generated-user" : "********",
      "default-xsappname" : "van-stock-profile-destination-service",
      "type" : "managed-service",
      "config" : {
        "HTML5Runtime_enabled" : true,
        "init_data" : {
          "instance" : {
            "destinations" : [ {
              "Authentication" : "********",
              "Name" : "ui5",
              "ProxyType" : "Internet",
              "URL" : "https://ui5.sap.com"
            } ],
            "existing_destinations_policy" : "update"
          }
        },
        "version" : "1.0.0"
      },
      "default-service-name" : "van-stock-profile-destination-service",
      "default-container-name" : "58136073TRIAL_DEV_VAN_STOCK_PROFILE_DESTINATION_SERVICE"
    },
    "isActive" : true,
    "isOptional" : false,
    "propertiesMetadata" : {
      "metadata" : { }
    },
    "parametersMetadata" : {
      "metadata" : { }
    },
    "requiredDependencies" : [ ],
    "processedAfter" : [ ]
  } ],
  "parameters" : {
    "deploy_mode" : "html5-repo",
    "mta-id" : "van-stock-profile",
    "authorization-url" : "********",
    "org-guid" : "9316210e-796d-42c6-aced-329ff79ff402",
    "org" : "58136073trial",
    "deploy-target" : "58136073trial dev",
    "enable-parallel-deployments" : true,
    "region-primary-domain" : "us10.hana.ondemand.com",
    "space" : "dev",
    "region-domain" : "us10-001.hana.ondemand.com",
    "xs-api-url" : "https://api.cf.us10-001.hana.ondemand.com",
    "deploy-url" : "deploy-service.cfapps.us10-001.hana.ondemand.com",
    "xs-type" : "CF",
    "default-domain" : "cfapps.us10-001.hana.ondemand.com",
    "mta-version" : "1.0.0",
    "xs-auth-url" : "********",
    "space-guid" : "13a60b41-5bb4-40de-be02-0728b9134525",
    "user" : "********",
    "controller-url" : "https://api.cf.us10-001.hana.ondemand.com",
    "timestamp" : "20260917114450"
  },
  "parametersMetadata" : {
    "metadata" : { }
  }
}#
#2026 09 17 11:45:11.213#Z#DEBUG#3094b1d5-b28d-11f1-8b44-eeee0a821e4e.OPERATION#flowable-async-job-executor-thread-4230#
[ProcessDescriptorStep] Merged descriptor properties and parameters resolved#
#2026 09 17 11:45:11.213#Z#DEBUG#3094b1d5-b28d-11f1-8b44-eeee0a821e4e.OPERATION#flowable-async-job-executor-thread-4230#
Step "Re-Process Descriptor Step" finished#
#2026 09 17 11:45:11.245#Z#DEBUG#3094b1d5-b28d-11f1-8b44-eeee0a821e4e.OPERATION#flowable-async-job-executor-thread-4230#
[BuildApplicationDeployModelStep] Executing task "buildApplicationDeployModelTask" of process "3d26c65b-b28d-11f1-853a-eeee0a812a2c"...#
#2026 09 17 11:45:11.248#Z#DEBUG#3094b1d5-b28d-11f1-8b44-eeee0a821e4e.OPERATION#flowable-async-job-executor-thread-4230#
[BuildApplicationDeployModelStep] Building cloud deployment model for application "van-stock-profile-srv"...#
#2026 09 17 11:45:11.254#Z#DEBUG#3094b1d5-b28d-11f1-8b44-eeee0a821e4e.OPERATION#flowable-async-job-executor-thread-4230#
[BuildApplicationDeployModelStep] No health-check-type is specified. Setting default type: port#
#2026 09 17 11:45:11.254#Z#INFO#3094b1d5-b28d-11f1-8b44-eeee0a821e4e.OPERATION#flowable-async-job-executor-thread-4230#
[BuildApplicationDeployModelStep] Building configuration entries for org 58136073trial, space dev, spaceId 13a60b41-5bb4-40de-be02-0728b9134525 and namespace null!#
#2026 09 17 11:45:11.255#Z#DEBUG#3094b1d5-b28d-11f1-8b44-eeee0a821e4e.OPERATION#flowable-async-job-executor-thread-4230#
[BuildApplicationDeployModelStep] Configuration entries to publish: [ ]#
#2026 09 17 11:45:11.255#Z#DEBUG#3094b1d5-b28d-11f1-8b44-eeee0a821e4e.OPERATION#flowable-async-job-executor-thread-4230#
[BuildApplicationDeployModelStep] Cloud deployment model for application built#
#2026 09 17 11:45:11.255#Z#DEBUG#3094b1d5-b28d-11f1-8b44-eeee0a821e4e.OPERATION#flowable-async-job-executor-thread-4230#
Step "Build Application Deploy Model" finished#
#2026 09 17 11:45:11.290#Z#DEBUG#3094b1d5-b28d-11f1-8b44-eeee0a821e4e.OPERATION#flowable-async-job-executor-thread-4230#
[CreateOrUpdateAppStep] Executing task "createAppTask" of process "3d26c65b-b28d-11f1-853a-eeee0a812a2c"...#
#2026 09 17 11:45:11.292#Z#DEBUG#3094b1d5-b28d-11f1-8b44-eeee0a821e4e.OPERATION#flowable-async-job-executor-thread-4230#
[CreateOrUpdateAppStep] Getting application "van-stock-profile-srv"...#
#2026 09 17 11:45:11.315#Z#INFO#3094b1d5-b28d-11f1-8b44-eeee0a821e4e.OPERATION#flowable-async-job-executor-thread-4230#
[CreateOrUpdateAppStep] Updating application "van-stock-profile-srv"...#
#2026 09 17 11:45:11.323#Z#DEBUG#3094b1d5-b28d-11f1-8b44-eeee0a821e4e.OPERATION#flowable-async-job-executor-thread-4230#
[CreateOrUpdateAppStep] Getting process for application "f6ee7e69-0530-499e-9b8b-8c9cb7424d76"...#
#2026 09 17 11:45:11.357#Z#DEBUG#3094b1d5-b28d-11f1-8b44-eeee0a821e4e.OPERATION#flowable-async-job-executor-thread-4230#
[CreateOrUpdateAppStep] Getting routes for application "f6ee7e69-0530-499e-9b8b-8c9cb7424d76"...#
#2026 09 17 11:45:11.393#Z#DEBUG#3094b1d5-b28d-11f1-8b44-eeee0a821e4e.OPERATION#flowable-async-job-executor-thread-4230#
[CreateOrUpdateAppStep] Getting features for application "f6ee7e69-0530-499e-9b8b-8c9cb7424d76"#
#2026 09 17 11:45:11.413#Z#DEBUG#3094b1d5-b28d-11f1-8b44-eeee0a821e4e.OPERATION#flowable-async-job-executor-thread-4230#
[CreateOrUpdateAppStep] Updating staging of application "van-stock-profile-srv" to: {
  "buildpacks" : [ "nodejs_buildpack" ],
  "healthCheckType" : "port",
  "appFeatures" : { }
}#
#2026 09 17 11:45:11.613#Z#DEBUG#3094b1d5-b28d-11f1-8b44-eeee0a821e4e.OPERATION#flowable-async-job-executor-thread-4230#
[CreateOrUpdateAppStep] Application "van-stock-profile-srv" updated#
#2026 09 17 11:45:11.613#Z#DEBUG#3094b1d5-b28d-11f1-8b44-eeee0a821e4e.OPERATION#flowable-async-job-executor-thread-4230#
[CreateOrUpdateAppStep] Getting environment of application "f6ee7e69-0530-499e-9b8b-8c9cb7424d76"...#
#2026 09 17 11:45:11.669#Z#DEBUG#3094b1d5-b28d-11f1-8b44-eeee0a821e4e.OPERATION#flowable-async-job-executor-thread-4230#
[CreateOrUpdateAppStep] Application "van-stock-profile-srv" updated#
#2026 09 17 11:45:11.669#Z#DEBUG#3094b1d5-b28d-11f1-8b44-eeee0a821e4e.OPERATION#flowable-async-job-executor-thread-4230#
Step "Create App" finished#
#2026 09 17 11:45:11.760#Z#DEBUG#3094b1d5-b28d-11f1-8b44-eeee0a821e4e.OPERATION#flowable-async-job-executor-thread-4230#
[CheckServiceBindingOperationStep] Executing task "checkForServiceBindingOperationInProgress" of process "3d8168fe-b28d-11f1-853a-eeee0a812a2c"...#
#2026 09 17 11:45:11.760#Z#DEBUG#3094b1d5-b28d-11f1-8b44-eeee0a821e4e.OPERATION#flowable-async-job-executor-thread-4230#
[CheckServiceBindingOperationStep] Checking for service binding operation in progress between app "van-stock-profile-srv" and service instance "van-stock-profile-db"#
#2026 09 17 11:45:11.761#Z#DEBUG#3094b1d5-b28d-11f1-8b44-eeee0a821e4e.OPERATION#flowable-async-job-executor-thread-4230#
[CheckServiceBindingOperationStep] Getting application guid "van-stock-profile-srv"...#
#2026 09 17 11:45:11.793#Z#DEBUG#3094b1d5-b28d-11f1-8b44-eeee0a821e4e.OPERATION#flowable-async-job-executor-thread-4230#
[CheckServiceBindingOperationStep] Getting GUID of required service instance "van-stock-profile-db"...#
#2026 09 17 11:45:11.820#Z#DEBUG#3094b1d5-b28d-11f1-8b44-eeee0a821e4e.OPERATION#flowable-async-job-executor-thread-4230#
[CheckServiceBindingOperationStep] Getting binding of service instance "0d4c257c-bba9-4e9d-8def-092a70fcf194" with application "f6ee7e69-0530-499e-9b8b-8c9cb7424d76"...#
#2026 09 17 11:45:11.854#Z#DEBUG#3094b1d5-b28d-11f1-8b44-eeee0a821e4e.OPERATION#flowable-async-job-executor-thread-4230#
[CheckServiceBindingOperationStep] Service binding operation "e4300838-ebb4-4e2b-86cc-c45400a77aa6" with type "create" is in state "succeeded"#
#2026 09 17 11:45:11.854#Z#DEBUG#3094b1d5-b28d-11f1-8b44-eeee0a821e4e.OPERATION#flowable-async-job-executor-thread-4230#
Step "Check For Service Binding Operation In Progress" finished#
#2026 09 17 11:45:11.881#Z#DEBUG#3094b1d5-b28d-11f1-8b44-eeee0a821e4e.OPERATION#flowable-async-job-executor-thread-4230#
[DetermineApplicationServiceBindingActionsStep] Executing task "determineApplicationServiceBindingActionsTask" of process "3d8168fe-b28d-11f1-853a-eeee0a812a2c"...#
#2026 09 17 11:45:11.882#Z#DEBUG#3094b1d5-b28d-11f1-8b44-eeee0a821e4e.OPERATION#flowable-async-job-executor-thread-4230#
[DetermineApplicationServiceBindingActionsStep] Determine bind/unbind operations of application "van-stock-profile-srv" to service instance "van-stock-profile-db"#
#2026 09 17 11:45:11.882#Z#DEBUG#3094b1d5-b28d-11f1-8b44-eeee0a821e4e.OPERATION#flowable-async-job-executor-thread-4230#
[DetermineApplicationServiceBindingActionsStep] Getting application "van-stock-profile-srv"...#
#2026 09 17 11:45:11.911#Z#DEBUG#3094b1d5-b28d-11f1-8b44-eeee0a821e4e.OPERATION#flowable-async-job-executor-thread-4230#
[DetermineApplicationServiceBindingActionsStep] Binding parameters for application "van-stock-profile-srv": { }#
#2026 09 17 11:45:11.939#Z#DEBUG#3094b1d5-b28d-11f1-8b44-eeee0a821e4e.OPERATION#flowable-async-job-executor-thread-4230#
[DetermineApplicationServiceBindingActionsStep] Check should rebind application "van-stock-profile-srv" and service instance "van-stock-profile-db"#
#2026 09 17 11:45:11.939#Z#DEBUG#3094b1d5-b28d-11f1-8b44-eeee0a821e4e.OPERATION#flowable-async-job-executor-thread-4230#
[DetermineApplicationServiceBindingActionsStep] Getting GUID of required service instance "van-stock-profile-db"...#
#2026 09 17 11:45:11.968#Z#DEBUG#3094b1d5-b28d-11f1-8b44-eeee0a821e4e.OPERATION#flowable-async-job-executor-thread-4230#
[DetermineApplicationServiceBindingActionsStep] Getting binding of service instance "0d4c257c-bba9-4e9d-8def-092a70fcf194" with application "f6ee7e69-0530-499e-9b8b-8c9cb7424d76"...#
#2026 09 17 11:45:12.003#Z#DEBUG#3094b1d5-b28d-11f1-8b44-eeee0a821e4e.OPERATION#flowable-async-job-executor-thread-4230#
[DetermineApplicationServiceBindingActionsStep] Getting parameters of service binding "e4300838-ebb4-4e2b-86cc-c45400a77aa6"...#
#2026 09 17 11:45:12.193#Z#INFO#3094b1d5-b28d-11f1-8b44-eeee0a821e4e.OPERATION#flowable-async-job-executor-thread-4230#
[DetermineApplicationServiceBindingActionsStep] Service instance "van-stock-profile-db" will not be rebound to application "van-stock-profile-srv" because the binding parameters are not modified#
#2026 09 17 11:45:12.197#Z#DEBUG#3094b1d5-b28d-11f1-8b44-eeee0a821e4e.OPERATION#flowable-async-job-executor-thread-4230#
[DetermineApplicationServiceBindingActionsStep] Calculated binding operations between application "van-stock-profile-srv" and service instance "van-stock-profile-db": unbind - false bind - false#
#2026 09 17 11:45:12.197#Z#DEBUG#3094b1d5-b28d-11f1-8b44-eeee0a821e4e.OPERATION#flowable-async-job-executor-thread-4230#
Step "Determine Application Service Binding Actions" finished#
#2026 09 17 11:45:13.936#Z#DEBUG#3094b1d5-b28d-11f1-8b44-eeee0a821e4e.OPERATION#flowable-async-job-executor-thread-4228#
[ProcessDescriptorStep] Executing task "reprocessDescriptorTask" of process "3ec7a48a-b28d-11f1-853a-eeee0a812a2c"...#
#2026 09 17 11:45:13.937#Z#DEBUG#3094b1d5-b28d-11f1-8b44-eeee0a821e4e.OPERATION#flowable-async-job-executor-thread-4228#
[ProcessDescriptorStep] Resolving properties and parameters in merged descriptor...#
#2026 09 17 11:45:13.941#Z#DEBUG#3094b1d5-b28d-11f1-8b44-eeee0a821e4e.OPERATION#flowable-async-job-executor-thread-4228#
[ProcessDescriptorStep] Subscriptions: [ ]#
#2026 09 17 11:45:13.946#Z#DEBUG#3094b1d5-b28d-11f1-8b44-eeee0a821e4e.OPERATION#flowable-async-job-executor-thread-4228#
[ProcessDescriptorStep] MTA modules: [van-stock-profile-db-deployer, van-stock-profile-app-content, van-stock-profile-srv, van-stock-profile-destination-content]#
#2026 09 17 11:45:13.949#Z#DEBUG#3094b1d5-b28d-11f1-8b44-eeee0a821e4e.OPERATION#flowable-async-job-executor-thread-4228#
[ProcessDescriptorStep] Resolved deployment descriptor: {
  "majorSchemaVersion" : 3,
  "schemaVersion" : "3.3.0",
  "id" : "van-stock-profile",
  "version" : "1.0.0",
  "modules" : [ {
    "majorSchemaVersion" : 3,
    "name" : "van-stock-profile-srv",
    "type" : "javascript.nodejs",
    "path" : "van-stock-profile-srv",
    "properties" : { },
    "parameters" : {
      "default-url" : "https://58136073trial-dev-van-stock-profile-srv.cfapps.us10-001.hana.ondemand.com",
      "default-app-name" : "van-stock-profile-srv",
      "generated-password" : "********",
      "default-live-url" : "https://58136073trial-dev-van-stock-profile-srv.cfapps.us10-001.hana.ondemand.com",
      "default-uri" : "58136073trial-dev-van-stock-profile-srv.cfapps.us10-001.hana.ondemand.com",
      "default-instances" : 1,
      "default-live-host" : "58136073trial-dev-van-stock-profile-srv",
      "instances" : 1,
      "buildpack" : "nodejs_buildpack",
      "default-host" : "58136073trial-dev-van-stock-profile-srv",
      "app-name" : "van-stock-profile-srv",
      "default-live-uri" : "58136073trial-dev-van-stock-profile-srv.cfapps.us10-001.hana.ondemand.com",
      "protocol" : "https",
      "default-live-app-name" : "van-stock-profile-srv",
      "default-live-domain" : "cfapps.us10-001.hana.ondemand.com",
      "domain" : "cfapps.us10-001.hana.ondemand.com",
      "host" : "58136073trial-dev-van-stock-profile-srv",
      "generated-user" : "********"
    },
    "requiredDependencies" : [ {
      "majorSchemaVersion" : 3,
      "name" : "van-stock-profile-db",
      "properties" : { },
      "parameters" : { },
      "propertiesMetadata" : {
        "metadata" : { }
      },
      "parametersMetadata" : {
        "metadata" : { }
      }
    }, {
      "majorSchemaVersion" : 3,
      "name" : "********",
      "properties" : { },
      "parameters" : { },
      "propertiesMetadata" : {
        "metadata" : { }
      },
      "parametersMetadata" : {
        "metadata" : { }
      }
    } ],
    "providedDependencies" : [ {
      "majorSchemaVersion" : 3,
      "name" : "srv-api",
      "isPublic" : false,
      "properties" : {
        "srv-url" : "https://58136073trial-dev-van-stock-profile-srv.cfapps.us10-001.hana.ondemand.com"
      },
      "parameters" : { },
      "propertiesMetadata" : {
        "metadata" : { }
      },
      "parametersMetadata" : {
        "metadata" : { }
      }
    }, {
      "majorSchemaVersion" : 3,
      "name" : "van-stock-profile-srv",
      "isPublic" : false,
      "properties" : { },
      "parameters" : { },
      "propertiesMetadata" : {
        "metadata" : { }
      },
      "parametersMetadata" : {
        "metadata" : { }
      }
    } ],
    "propertiesMetadata" : {
      "metadata" : { }
    },
    "parametersMetadata" : {
      "metadata" : { }
    },
    "hooks" : [ ]
  }, {
    "majorSchemaVersion" : 3,
    "name" : "van-stock-profile-db-deployer",
    "type" : "com.sap.xs.hdi",
    "path" : "van-stock-profile-db-deployer",
    "properties" : {
      "EXIT" : 1
    },
    "parameters" : {
      "default-url" : "https://58136073trial-dev-van-stock-profile-db-deployer.cfapps.us10-001.hana.ondemand.com",
      "default-app-name" : "van-stock-profile-db-deployer",
      "generated-password" : "********",
      "default-live-url" : "https://58136073trial-dev-van-stock-profile-db-deployer.cfapps.us10-001.hana.ondemand.com",
      "default-uri" : "58136073trial-dev-van-stock-profile-db-deployer.cfapps.us10-001.hana.ondemand.com",
      "memory" : "256M",
      "default-instances" : 1,
      "no-route" : true,
      "default-live-host" : "58136073trial-dev-van-stock-profile-db-deployer",
      "instances" : 1,
      "buildpack" : "nodejs_buildpack",
      "default-host" : "58136073trial-dev-van-stock-profile-db-deployer",
      "app-name" : "van-stock-profile-db-deployer",
      "default-live-uri" : "58136073trial-dev-van-stock-profile-db-deployer.cfapps.us10-001.hana.ondemand.com",
      "protocol" : "https",
      "default-live-app-name" : "van-stock-profile-db-deployer",
      "default-live-domain" : "cfapps.us10-001.hana.ondemand.com",
      "dependency-type" : "hard",
      "domain" : "cfapps.us10-001.hana.ondemand.com",
      "host" : "58136073trial-dev-van-stock-profile-db-deployer",
      "generated-user" : "********",
      "tasks" : [ {
        "command" : "npm start",
        "memory" : "256M",
        "name" : "deploy"
      } ],
      "no-start" : true
    },
    "requiredDependencies" : [ {
      "majorSchemaVersion" : 3,
      "name" : "van-stock-profile-db",
      "properties" : { },
      "parameters" : { },
      "propertiesMetadata" : {
        "metadata" : { }
      },
      "parametersMetadata" : {
        "metadata" : { }
      }
    } ],
    "providedDependencies" : [ {
      "majorSchemaVersion" : 3,
      "name" : "van-stock-profile-db-deployer",
      "isPublic" : false,
      "properties" : { },
      "parameters" : { },
      "propertiesMetadata" : {
        "metadata" : { }
      },
      "parametersMetadata" : {
        "metadata" : { }
      }
    } ],
    "propertiesMetadata" : {
      "metadata" : { }
    },
    "parametersMetadata" : {
      "metadata" : { }
    },
    "hooks" : [ ]
  }, {
    "majorSchemaVersion" : 3,
    "name" : "van-stock-profile-app-content",
    "type" : "com.sap.application.content",
    "path" : "van-stock-profile-app-content",
    "properties" : { },
    "parameters" : {
      "default-url" : "https://58136073trial-dev-van-stock-profile-app-content.cfapps.us10-001.hana.ondemand.com",
      "default-app-name" : "van-stock-profile-app-content",
      "generated-password" : "********",
      "default-live-url" : "https://58136073trial-dev-van-stock-profile-app-content.cfapps.us10-001.hana.ondemand.com",
      "default-uri" : "58136073trial-dev-van-stock-profile-app-content.cfapps.us10-001.hana.ondemand.com",
      "default-instances" : 1,
      "default-live-host" : "58136073trial-dev-van-stock-profile-app-content",
      "instances" : 1,
      "default-host" : "58136073trial-dev-van-stock-profile-app-content",
      "app-name" : "van-stock-profile-app-content",
      "default-live-uri" : "58136073trial-dev-van-stock-profile-app-content.cfapps.us10-001.hana.ondemand.com",
      "protocol" : "https",
      "default-live-app-name" : "van-stock-profile-app-content",
      "default-live-domain" : "cfapps.us10-001.hana.ondemand.com",
      "domain" : "cfapps.us10-001.hana.ondemand.com",
      "host" : "58136073trial-dev-van-stock-profile-app-content",
      "generated-user" : "********"
    },
    "requiredDependencies" : [ {
      "majorSchemaVersion" : 3,
      "name" : "van-stock-profile-repo-host",
      "properties" : { },
      "parameters" : {
        "content-target" : true
      },
      "propertiesMetadata" : {
        "metadata" : { }
      },
      "parametersMetadata" : {
        "metadata" : { }
      }
    } ],
    "providedDependencies" : [ {
      "majorSchemaVersion" : 3,
      "name" : "van-stock-profile-app-content",
      "isPublic" : false,
      "properties" : { },
      "parameters" : { },
      "propertiesMetadata" : {
        "metadata" : { }
      },
      "parametersMetadata" : {
        "metadata" : { }
      }
    } ],
    "propertiesMetadata" : {
      "metadata" : { }
    },
    "parametersMetadata" : {
      "metadata" : { }
    },
    "hooks" : [ ]
  }, {
    "majorSchemaVersion" : 3,
    "name" : "van-stock-profile-destination-content",
    "type" : "com.sap.application.content",
    "properties" : { },
    "parameters" : {
      "default-url" : "https://58136073trial-dev-van-stock-profile-destination-content.cfapps.us10-001.hana.ondemand.com",
      "default-app-name" : "van-stock-profile-destination-content",
      "generated-password" : "********",
      "default-live-url" : "https://58136073trial-dev-van-stock-profile-destination-content.cfapps.us10-001.hana.ondemand.com",
      "default-uri" : "58136073trial-dev-van-stock-profile-destination-content.cfapps.us10-001.hana.ondemand.com",
      "default-instances" : 1,
      "default-live-host" : "58136073trial-dev-van-stock-profile-destination-content",
      "instances" : 1,
      "default-host" : "58136073trial-dev-van-stock-profile-destination-content",
      "content" : {
        "instance" : {
          "destinations" : [ {
            "Name" : "van_stock_profile_html_repo_host",
            "ServiceInstanceName" : "van-stock-profile-html5-service",
            "ServiceKeyName" : "********",
            "sap.cloud.service" : "van-stock-profile.service"
          }, {
            "Authentication" : "********",
            "Name" : "van_stock_profile_uaa",
            "ServiceInstanceName" : "********",
            "ServiceKeyName" : "********",
            "sap.cloud.service" : "van-stock-profile.service"
          }, {
            "Authentication" : "********",
            "HTML5.DynamicDestination" : true,
            "HTML5.ForwardAuthToken" : "********",
            "Name" : "van_stock_profile_srv_api",
            "ProxyType" : "Internet",
            "Type" : "HTTP",
            "sap.cloud.service" : "van-stock-profile.service"
          } ],
          "existing_destinations_policy" : "update"
        }
      },
      "app-name" : "van-stock-profile-destination-content",
      "default-live-uri" : "58136073trial-dev-van-stock-profile-destination-content.cfapps.us10-001.hana.ondemand.com",
      "protocol" : "https",
      "default-live-app-name" : "van-stock-profile-destination-content",
      "default-live-domain" : "cfapps.us10-001.hana.ondemand.com",
      "domain" : "cfapps.us10-001.hana.ondemand.com",
      "host" : "58136073trial-dev-van-stock-profile-destination-content",
      "generated-user" : "********"
    },
    "requiredDependencies" : [ {
      "majorSchemaVersion" : 3,
      "name" : "van-stock-profile-destination-service",
      "properties" : { },
      "parameters" : {
        "content-target" : true
      },
      "propertiesMetadata" : {
        "metadata" : { }
      },
      "parametersMetadata" : {
        "metadata" : { }
      }
    }, {
      "majorSchemaVersion" : 3,
      "name" : "srv-api",
      "properties" : { },
      "parameters" : { },
      "propertiesMetadata" : {
        "metadata" : { }
      },
      "parametersMetadata" : {
        "metadata" : { }
      }
    }, {
      "majorSchemaVersion" : 3,
      "name" : "van-stock-profile-repo-host",
      "properties" : { },
      "parameters" : {
        "service-key" : "********"
      },
      "propertiesMetadata" : {
        "metadata" : { }
      },
      "parametersMetadata" : {
        "metadata" : { }
      }
    }, {
      "majorSchemaVersion" : 3,
      "name" : "********",
      "properties" : { },
      "parameters" : {
        "service-key" : "********"
      },
      "propertiesMetadata" : {
        "metadata" : { }
      },
      "parametersMetadata" : {
        "metadata" : { }
      }
    } ],
    "providedDependencies" : [ {
      "majorSchemaVersion" : 3,
      "name" : "van-stock-profile-destination-content",
      "isPublic" : false,
      "properties" : { },
      "parameters" : { },
      "propertiesMetadata" : {
        "metadata" : { }
      },
      "parametersMetadata" : {
        "metadata" : { }
      }
    } ],
    "propertiesMetadata" : {
      "metadata" : { }
    },
    "parametersMetadata" : {
      "metadata" : { }
    },
    "hooks" : [ ]
  } ],
  "resources" : [ {
    "majorSchemaVersion" : 3,
    "name" : "van-stock-profile-db",
    "type" : "com.sap.xs.hdi-container",
    "properties" : { },
    "parameters" : {
      "generated-password" : "********",
      "service-name" : "van-stock-profile-db",
      "service-plan" : "hdi-shared",
      "service" : "hana",
      "generated-user" : "********",
      "default-xsappname" : "van-stock-profile-db",
      "type" : "managed-service",
      "default-service-name" : "van-stock-profile-db",
      "default-container-name" : "58136073TRIAL_DEV_VAN_STOCK_PROFILE_DB"
    },
    "isActive" : true,
    "isOptional" : false,
    "propertiesMetadata" : {
      "metadata" : { }
    },
    "parametersMetadata" : {
      "metadata" : { }
    },
    "requiredDependencies" : [ ],
    "processedAfter" : [ ]
  }, {
    "majorSchemaVersion" : 3,
    "name" : "********",
    "type" : "org.cloudfoundry.managed-service",
    "properties" : { },
    "parameters" : {
      "generated-password" : "********",
      "path" : "./xs-security.json",
      "service-name" : "********",
      "service-plan" : "application",
      "service" : "xsuaa",
      "generated-user" : "********",
      "default-xsappname" : "********",
      "type" : "managed-service",
      "config" : {
        "tenant-mode" : "dedicated",
        "xsappname" : "van-stock-profile-58136073trial-dev"
      },
      "default-service-name" : "********",
      "default-container-name" : "********"
    },
    "isActive" : true,
    "isOptional" : false,
    "propertiesMetadata" : {
      "metadata" : { }
    },
    "parametersMetadata" : {
      "metadata" : { }
    },
    "requiredDependencies" : [ ],
    "processedAfter" : [ ]
  }, {
    "majorSchemaVersion" : 3,
    "name" : "van-stock-profile-repo-host",
    "type" : "org.cloudfoundry.managed-service",
    "properties" : { },
    "parameters" : {
      "generated-password" : "********",
      "service-name" : "van-stock-profile-html5-service",
      "service-plan" : "app-host",
      "service" : "html5-apps-repo",
      "generated-user" : "********",
      "default-xsappname" : "van-stock-profile-repo-host",
      "type" : "managed-service",
      "default-service-name" : "van-stock-profile-repo-host",
      "default-container-name" : "58136073TRIAL_DEV_VAN_STOCK_PROFILE_REPO_HOST"
    },
    "isActive" : true,
    "isOptional" : false,
    "propertiesMetadata" : {
      "metadata" : { }
    },
    "parametersMetadata" : {
      "metadata" : { }
    },
    "requiredDependencies" : [ ],
    "processedAfter" : [ ]
  }, {
    "majorSchemaVersion" : 3,
    "name" : "van-stock-profile-destination-service",
    "type" : "org.cloudfoundry.managed-service",
    "properties" : { },
    "parameters" : {
      "generated-password" : "********",
      "service-name" : "van-stock-profile-destination-service",
      "service-plan" : "lite",
      "service" : "destination",
      "generated-user" : "********",
      "default-xsappname" : "van-stock-profile-destination-service",
      "type" : "managed-service",
      "config" : {
        "HTML5Runtime_enabled" : true,
        "init_data" : {
          "instance" : {
            "destinations" : [ {
              "Authentication" : "********",
              "Name" : "ui5",
              "ProxyType" : "Internet",
              "URL" : "https://ui5.sap.com"
            } ],
            "existing_destinations_policy" : "update"
          }
        },
        "version" : "1.0.0"
      },
      "default-service-name" : "van-stock-profile-destination-service",
      "default-container-name" : "58136073TRIAL_DEV_VAN_STOCK_PROFILE_DESTINATION_SERVICE"
    },
    "isActive" : true,
    "isOptional" : false,
    "propertiesMetadata" : {
      "metadata" : { }
    },
    "parametersMetadata" : {
      "metadata" : { }
    },
    "requiredDependencies" : [ ],
    "processedAfter" : [ ]
  } ],
  "parameters" : {
    "deploy_mode" : "html5-repo",
    "mta-id" : "van-stock-profile",
    "authorization-url" : "********",
    "org-guid" : "9316210e-796d-42c6-aced-329ff79ff402",
    "org" : "58136073trial",
    "deploy-target" : "58136073trial dev",
    "enable-parallel-deployments" : true,
    "region-primary-domain" : "us10.hana.ondemand.com",
    "space" : "dev",
    "region-domain" : "us10-001.hana.ondemand.com",
    "xs-api-url" : "https://api.cf.us10-001.hana.ondemand.com",
    "deploy-url" : "deploy-service.cfapps.us10-001.hana.ondemand.com",
    "xs-type" : "CF",
    "default-domain" : "cfapps.us10-001.hana.ondemand.com",
    "mta-version" : "1.0.0",
    "xs-auth-url" : "********",
    "space-guid" : "13a60b41-5bb4-40de-be02-0728b9134525",
    "user" : "********",
    "controller-url" : "https://api.cf.us10-001.hana.ondemand.com",
    "timestamp" : "20260917114450"
  },
  "parametersMetadata" : {
    "metadata" : { }
  }
}#
#2026 09 17 11:45:13.949#Z#DEBUG#3094b1d5-b28d-11f1-8b44-eeee0a821e4e.OPERATION#flowable-async-job-executor-thread-4228#
[ProcessDescriptorStep] Merged descriptor properties and parameters resolved#
#2026 09 17 11:45:13.949#Z#DEBUG#3094b1d5-b28d-11f1-8b44-eeee0a821e4e.OPERATION#flowable-async-job-executor-thread-4228#
Step "Re-Process Descriptor Step" finished#
#2026 09 17 11:45:13.881#Z#DEBUG#3094b1d5-b28d-11f1-8b44-eeee0a821e4e.OPERATION#flowable-async-job-executor-thread-4234#
[CheckServiceBindingOperationStep] Executing task "checkForServiceBindingOperationInProgress" of process "3ec4e5ca-b28d-11f1-853a-eeee0a812a2c"...#
#2026 09 17 11:45:13.881#Z#DEBUG#3094b1d5-b28d-11f1-8b44-eeee0a821e4e.OPERATION#flowable-async-job-executor-thread-4234#
[CheckServiceBindingOperationStep] Checking for service binding operation in progress between app "van-stock-profile-srv" and service instance "van-stock-profile-auth"#
#2026 09 17 11:45:13.882#Z#DEBUG#3094b1d5-b28d-11f1-8b44-eeee0a821e4e.OPERATION#flowable-async-job-executor-thread-4234#
[CheckServiceBindingOperationStep] Getting application guid "van-stock-profile-srv"...#
#2026 09 17 11:45:13.911#Z#DEBUG#3094b1d5-b28d-11f1-8b44-eeee0a821e4e.OPERATION#flowable-async-job-executor-thread-4234#
[CheckServiceBindingOperationStep] Getting GUID of required service instance "van-stock-profile-auth"...#
#2026 09 17 11:45:13.934#Z#DEBUG#3094b1d5-b28d-11f1-8b44-eeee0a821e4e.OPERATION#flowable-async-job-executor-thread-4234#
[CheckServiceBindingOperationStep] Getting binding of service instance "e79d75e8-6273-4d8c-bb35-e8d9268e0e09" with application "f6ee7e69-0530-499e-9b8b-8c9cb7424d76"...#
#2026 09 17 11:45:13.966#Z#DEBUG#3094b1d5-b28d-11f1-8b44-eeee0a821e4e.OPERATION#flowable-async-job-executor-thread-4234#
[CheckServiceBindingOperationStep] Service binding operation "baa31409-9c73-4bf0-a1a7-f2965499ce44" with type "create" is in state "succeeded"#
#2026 09 17 11:45:13.966#Z#DEBUG#3094b1d5-b28d-11f1-8b44-eeee0a821e4e.OPERATION#flowable-async-job-executor-thread-4234#
Step "Check For Service Binding Operation In Progress" finished#
#2026 09 17 11:45:13.979#Z#DEBUG#3094b1d5-b28d-11f1-8b44-eeee0a821e4e.OPERATION#flowable-async-job-executor-thread-4228#
[BuildApplicationDeployModelStep] Executing task "buildApplicationDeployModelTask" of process "3ec7a48a-b28d-11f1-853a-eeee0a812a2c"...#
#2026 09 17 11:45:13.981#Z#DEBUG#3094b1d5-b28d-11f1-8b44-eeee0a821e4e.OPERATION#flowable-async-job-executor-thread-4228#
[BuildApplicationDeployModelStep] Building cloud deployment model for application "van-stock-profile-db-deployer"...#
#2026 09 17 11:45:13.986#Z#DEBUG#3094b1d5-b28d-11f1-8b44-eeee0a821e4e.OPERATION#flowable-async-job-executor-thread-4228#
[BuildApplicationDeployModelStep] No health-check-type is specified. Setting default type: port#
#2026 09 17 11:45:13.987#Z#INFO#3094b1d5-b28d-11f1-8b44-eeee0a821e4e.OPERATION#flowable-async-job-executor-thread-4228#
[BuildApplicationDeployModelStep] Building configuration entries for org 58136073trial, space dev, spaceId 13a60b41-5bb4-40de-be02-0728b9134525 and namespace null!#
#2026 09 17 11:45:13.988#Z#DEBUG#3094b1d5-b28d-11f1-8b44-eeee0a821e4e.OPERATION#flowable-async-job-executor-thread-4228#
[BuildApplicationDeployModelStep] Configuration entries to publish: [ ]#
#2026 09 17 11:45:13.988#Z#DEBUG#3094b1d5-b28d-11f1-8b44-eeee0a821e4e.OPERATION#flowable-async-job-executor-thread-4228#
[BuildApplicationDeployModelStep] Cloud deployment model for application built#
#2026 09 17 11:45:13.988#Z#DEBUG#3094b1d5-b28d-11f1-8b44-eeee0a821e4e.OPERATION#flowable-async-job-executor-thread-4228#
Step "Build Application Deploy Model" finished#
#2026 09 17 11:45:13.992#Z#DEBUG#3094b1d5-b28d-11f1-8b44-eeee0a821e4e.OPERATION#flowable-async-job-executor-thread-4234#
[DetermineApplicationServiceBindingActionsStep] Executing task "determineApplicationServiceBindingActionsTask" of process "3ec4e5ca-b28d-11f1-853a-eeee0a812a2c"...#
#2026 09 17 11:45:13.993#Z#DEBUG#3094b1d5-b28d-11f1-8b44-eeee0a821e4e.OPERATION#flowable-async-job-executor-thread-4234#
[DetermineApplicationServiceBindingActionsStep] Determine bind/unbind operations of application "van-stock-profile-srv" to service instance "van-stock-profile-auth"#
#2026 09 17 11:45:13.994#Z#DEBUG#3094b1d5-b28d-11f1-8b44-eeee0a821e4e.OPERATION#flowable-async-job-executor-thread-4234#
[DetermineApplicationServiceBindingActionsStep] Getting application "van-stock-profile-srv"...#
#2026 09 17 11:45:14.028#Z#DEBUG#3094b1d5-b28d-11f1-8b44-eeee0a821e4e.OPERATION#flowable-async-job-executor-thread-4234#
[DetermineApplicationServiceBindingActionsStep] Binding parameters for application "van-stock-profile-srv": { }#
#2026 09 17 11:45:14.062#Z#DEBUG#3094b1d5-b28d-11f1-8b44-eeee0a821e4e.OPERATION#flowable-async-job-executor-thread-4234#
[DetermineApplicationServiceBindingActionsStep] Check should rebind application "van-stock-profile-srv" and service instance "van-stock-profile-auth"#
#2026 09 17 11:45:14.062#Z#DEBUG#3094b1d5-b28d-11f1-8b44-eeee0a821e4e.OPERATION#flowable-async-job-executor-thread-4234#
[DetermineApplicationServiceBindingActionsStep] Getting GUID of required service instance "van-stock-profile-auth"...#
#2026 09 17 11:45:14.090#Z#DEBUG#3094b1d5-b28d-11f1-8b44-eeee0a821e4e.OPERATION#flowable-async-job-executor-thread-4234#
[DetermineApplicationServiceBindingActionsStep] Getting binding of service instance "e79d75e8-6273-4d8c-bb35-e8d9268e0e09" with application "f6ee7e69-0530-499e-9b8b-8c9cb7424d76"...#
#2026 09 17 11:45:14.115#Z#DEBUG#3094b1d5-b28d-11f1-8b44-eeee0a821e4e.OPERATION#flowable-async-job-executor-thread-4234#
[DetermineApplicationServiceBindingActionsStep] Getting parameters of service binding "baa31409-9c73-4bf0-a1a7-f2965499ce44"...#
#2026 09 17 11:45:14.148#Z#WARN#3094b1d5-b28d-11f1-8b44-eeee0a821e4e.OPERATION#flowable-async-job-executor-thread-4234#
[DetermineApplicationServiceBindingActionsStep] Cannot retrieve parameters of binding between application "van-stock-profile-srv" and service instance "van-stock-profile-auth"#
#2026 09 17 11:45:14.149#Z#DEBUG#3094b1d5-b28d-11f1-8b44-eeee0a821e4e.OPERATION#flowable-async-job-executor-thread-4234#
[DetermineApplicationServiceBindingActionsStep] Calculated binding operations between application "van-stock-profile-srv" and service instance "van-stock-profile-auth": unbind - true bind - true#
#2026 09 17 11:45:14.149#Z#DEBUG#3094b1d5-b28d-11f1-8b44-eeee0a821e4e.OPERATION#flowable-async-job-executor-thread-4234#
Step "Determine Application Service Binding Actions" finished#
#2026 09 17 11:45:14.181#Z#DEBUG#3094b1d5-b28d-11f1-8b44-eeee0a821e4e.OPERATION#flowable-async-job-executor-thread-4234#
[UnbindServiceFromApplicationStep] Executing task "unbindServiceFromApplicationTask" of process "3ec4e5ca-b28d-11f1-853a-eeee0a812a2c"...#
#2026 09 17 11:45:14.183#Z#INFO#3094b1d5-b28d-11f1-8b44-eeee0a821e4e.OPERATION#flowable-async-job-executor-thread-4234#
[UnbindServiceFromApplicationStep] Unbinding service instance "van-stock-profile-auth" from application "van-stock-profile-srv"...#
#2026 09 17 11:45:14.187#Z#DEBUG#3094b1d5-b28d-11f1-8b44-eeee0a821e4e.OPERATION#flowable-async-job-executor-thread-4234#
[UnbindServiceFromApplicationStep] Unbinding application "van-stock-profile-srv" from service instance "van-stock-profile-auth"...#
#2026 09 17 11:45:14.347#Z#DEBUG#3094b1d5-b28d-11f1-8b44-eeee0a821e4e.OPERATION#flowable-async-job-executor-thread-4234#
Step "Unbind Service from Application" finished#
#2026 09 17 11:45:14.026#Z#DEBUG#3094b1d5-b28d-11f1-8b44-eeee0a821e4e.OPERATION#flowable-async-job-executor-thread-4228#
[CreateOrUpdateAppStep] Executing task "createAppTask" of process "3ec7a48a-b28d-11f1-853a-eeee0a812a2c"...#
#2026 09 17 11:45:14.028#Z#DEBUG#3094b1d5-b28d-11f1-8b44-eeee0a821e4e.OPERATION#flowable-async-job-executor-thread-4228#
[CreateOrUpdateAppStep] Getting application "van-stock-profile-db-deployer"...#
#2026 09 17 11:45:14.062#Z#INFO#3094b1d5-b28d-11f1-8b44-eeee0a821e4e.OPERATION#flowable-async-job-executor-thread-4228#
[CreateOrUpdateAppStep] Updating application "van-stock-profile-db-deployer"...#
#2026 09 17 11:45:14.068#Z#DEBUG#3094b1d5-b28d-11f1-8b44-eeee0a821e4e.OPERATION#flowable-async-job-executor-thread-4228#
[CreateOrUpdateAppStep] Getting process for application "920120e1-b670-449e-a1e5-cc3bde789221"...#
#2026 09 17 11:45:14.105#Z#DEBUG#3094b1d5-b28d-11f1-8b44-eeee0a821e4e.OPERATION#flowable-async-job-executor-thread-4228#
[CreateOrUpdateAppStep] Getting routes for application "920120e1-b670-449e-a1e5-cc3bde789221"...#
#2026 09 17 11:45:14.134#Z#DEBUG#3094b1d5-b28d-11f1-8b44-eeee0a821e4e.OPERATION#flowable-async-job-executor-thread-4228#
[CreateOrUpdateAppStep] Getting features for application "920120e1-b670-449e-a1e5-cc3bde789221"#
#2026 09 17 11:45:14.154#Z#DEBUG#3094b1d5-b28d-11f1-8b44-eeee0a821e4e.OPERATION#flowable-async-job-executor-thread-4228#
[CreateOrUpdateAppStep] Updating staging of application "van-stock-profile-db-deployer" to: {
  "buildpacks" : [ "nodejs_buildpack" ],
  "healthCheckType" : "port",
  "appFeatures" : { }
}#
#2026 09 17 11:45:14.354#Z#DEBUG#3094b1d5-b28d-11f1-8b44-eeee0a821e4e.OPERATION#flowable-async-job-executor-thread-4228#
[CreateOrUpdateAppStep] Application "van-stock-profile-db-deployer" updated#
#2026 09 17 11:45:14.354#Z#DEBUG#3094b1d5-b28d-11f1-8b44-eeee0a821e4e.OPERATION#flowable-async-job-executor-thread-4228#
[CreateOrUpdateAppStep] Getting environment of application "920120e1-b670-449e-a1e5-cc3bde789221"...#
#2026 09 17 11:45:14.410#Z#DEBUG#3094b1d5-b28d-11f1-8b44-eeee0a821e4e.OPERATION#flowable-async-job-executor-thread-4228#
[CreateOrUpdateAppStep] Application "van-stock-profile-db-deployer" updated#
#2026 09 17 11:45:14.410#Z#DEBUG#3094b1d5-b28d-11f1-8b44-eeee0a821e4e.OPERATION#flowable-async-job-executor-thread-4228#
Step "Create App" finished#
#2026 09 17 11:45:14.504#Z#DEBUG#3094b1d5-b28d-11f1-8b44-eeee0a821e4e.OPERATION#flowable-async-job-executor-thread-4228#
[CheckServiceBindingOperationStep] Executing task "checkForServiceBindingOperationInProgress" of process "3f241cdb-b28d-11f1-853a-eeee0a812a2c"...#
#2026 09 17 11:45:14.504#Z#DEBUG#3094b1d5-b28d-11f1-8b44-eeee0a821e4e.OPERATION#flowable-async-job-executor-thread-4228#
[CheckServiceBindingOperationStep] Checking for service binding operation in progress between app "van-stock-profile-db-deployer" and service instance "van-stock-profile-db"#
#2026 09 17 11:45:14.505#Z#DEBUG#3094b1d5-b28d-11f1-8b44-eeee0a821e4e.OPERATION#flowable-async-job-executor-thread-4228#
[CheckServiceBindingOperationStep] Getting application guid "van-stock-profile-db-deployer"...#
#2026 09 17 11:45:14.534#Z#DEBUG#3094b1d5-b28d-11f1-8b44-eeee0a821e4e.OPERATION#flowable-async-job-executor-thread-4228#
[CheckServiceBindingOperationStep] Getting GUID of required service instance "van-stock-profile-db"...#
#2026 09 17 11:45:14.566#Z#DEBUG#3094b1d5-b28d-11f1-8b44-eeee0a821e4e.OPERATION#flowable-async-job-executor-thread-4228#
[CheckServiceBindingOperationStep] Getting binding of service instance "0d4c257c-bba9-4e9d-8def-092a70fcf194" with application "920120e1-b670-449e-a1e5-cc3bde789221"...#
#2026 09 17 11:45:14.595#Z#DEBUG#3094b1d5-b28d-11f1-8b44-eeee0a821e4e.OPERATION#flowable-async-job-executor-thread-4228#
[CheckServiceBindingOperationStep] Service binding operation "9629e3cb-1c27-4a37-b1e9-ddafc2467c95" with type "create" is in state "succeeded"#
#2026 09 17 11:45:14.595#Z#DEBUG#3094b1d5-b28d-11f1-8b44-eeee0a821e4e.OPERATION#flowable-async-job-executor-thread-4228#
Step "Check For Service Binding Operation In Progress" finished#
#2026 09 17 11:45:14.625#Z#DEBUG#3094b1d5-b28d-11f1-8b44-eeee0a821e4e.OPERATION#flowable-async-job-executor-thread-4228#
[DetermineApplicationServiceBindingActionsStep] Executing task "determineApplicationServiceBindingActionsTask" of process "3f241cdb-b28d-11f1-853a-eeee0a812a2c"...#
#2026 09 17 11:45:14.627#Z#DEBUG#3094b1d5-b28d-11f1-8b44-eeee0a821e4e.OPERATION#flowable-async-job-executor-thread-4228#
[DetermineApplicationServiceBindingActionsStep] Determine bind/unbind operations of application "van-stock-profile-db-deployer" to service instance "van-stock-profile-db"#
#2026 09 17 11:45:14.627#Z#DEBUG#3094b1d5-b28d-11f1-8b44-eeee0a821e4e.OPERATION#flowable-async-job-executor-thread-4228#
[DetermineApplicationServiceBindingActionsStep] Getting application "van-stock-profile-db-deployer"...#
#2026 09 17 11:45:14.658#Z#DEBUG#3094b1d5-b28d-11f1-8b44-eeee0a821e4e.OPERATION#flowable-async-job-executor-thread-4228#
[DetermineApplicationServiceBindingActionsStep] Binding parameters for application "van-stock-profile-db-deployer": { }#
#2026 09 17 11:45:14.686#Z#DEBUG#3094b1d5-b28d-11f1-8b44-eeee0a821e4e.OPERATION#flowable-async-job-executor-thread-4228#
[DetermineApplicationServiceBindingActionsStep] Check should rebind application "van-stock-profile-db-deployer" and service instance "van-stock-profile-db"#
#2026 09 17 11:45:14.686#Z#DEBUG#3094b1d5-b28d-11f1-8b44-eeee0a821e4e.OPERATION#flowable-async-job-executor-thread-4228#
[DetermineApplicationServiceBindingActionsStep] Getting GUID of required service instance "van-stock-profile-db"...#
#2026 09 17 11:45:14.714#Z#DEBUG#3094b1d5-b28d-11f1-8b44-eeee0a821e4e.OPERATION#flowable-async-job-executor-thread-4228#
[DetermineApplicationServiceBindingActionsStep] Getting binding of service instance "0d4c257c-bba9-4e9d-8def-092a70fcf194" with application "920120e1-b670-449e-a1e5-cc3bde789221"...#
#2026 09 17 11:45:14.748#Z#DEBUG#3094b1d5-b28d-11f1-8b44-eeee0a821e4e.OPERATION#flowable-async-job-executor-thread-4228#
[DetermineApplicationServiceBindingActionsStep] Getting parameters of service binding "9629e3cb-1c27-4a37-b1e9-ddafc2467c95"...#
#2026 09 17 11:45:14.932#Z#INFO#3094b1d5-b28d-11f1-8b44-eeee0a821e4e.OPERATION#flowable-async-job-executor-thread-4228#
[DetermineApplicationServiceBindingActionsStep] Service instance "van-stock-profile-db" will not be rebound to application "van-stock-profile-db-deployer" because the binding parameters are not modified#
#2026 09 17 11:45:14.938#Z#DEBUG#3094b1d5-b28d-11f1-8b44-eeee0a821e4e.OPERATION#flowable-async-job-executor-thread-4228#
[DetermineApplicationServiceBindingActionsStep] Calculated binding operations between application "van-stock-profile-db-deployer" and service instance "van-stock-profile-db": unbind - false bind - false#
#2026 09 17 11:45:14.938#Z#DEBUG#3094b1d5-b28d-11f1-8b44-eeee0a821e4e.OPERATION#flowable-async-job-executor-thread-4228#
Step "Determine Application Service Binding Actions" finished#
#2026 09 17 11:45:15.059#Z#DEBUG#3094b1d5-b28d-11f1-8b44-eeee0a821e4e.OPERATION#flowable-async-job-executor-thread-4228#
[DetermineVcapServicesPropertiesChangedStep] Executing task "determineVcapServicesPropertiesChangedTask" of process "3f765ba5-b28d-11f1-853a-eeee0a812a2c"...#
#2026 09 17 11:45:15.061#Z#DEBUG#3094b1d5-b28d-11f1-8b44-eeee0a821e4e.OPERATION#flowable-async-job-executor-thread-4228#
[DetermineVcapServicesPropertiesChangedStep] VCAP_SERVICES properties for application "van-stock-profile-db-deployer" changed: false#
#2026 09 17 11:45:15.061#Z#DEBUG#3094b1d5-b28d-11f1-8b44-eeee0a821e4e.OPERATION#flowable-async-job-executor-thread-4228#
Step "Determine vcap services properties changed" finished#
#2026 09 17 11:45:15.092#Z#DEBUG#3094b1d5-b28d-11f1-8b44-eeee0a821e4e.OPERATION#flowable-async-job-executor-thread-4228#
[UploadAppStep] Executing task "uploadAppTask" of process "3f765ba5-b28d-11f1-853a-eeee0a812a2c"...#
#2026 09 17 11:45:15.094#Z#DEBUG#3094b1d5-b28d-11f1-8b44-eeee0a821e4e.OPERATION#flowable-async-job-executor-thread-4228#
[UploadAppStep] Application upload timeout is default one: 3,600 seconds#
#2026 09 17 11:45:15.094#Z#INFO#3094b1d5-b28d-11f1-8b44-eeee0a821e4e.OPERATION#flowable-async-job-executor-thread-4228#
[UploadAppStep] Uploading application "van-stock-profile-db-deployer"...#
#2026 09 17 11:45:15.100#Z#DEBUG#3094b1d5-b28d-11f1-8b44-eeee0a821e4e.OPERATION#flowable-async-job-executor-thread-4228#
[UploadAppStep] Getting application "van-stock-profile-db-deployer"...#
#2026 09 17 11:45:15.130#Z#DEBUG#3094b1d5-b28d-11f1-8b44-eeee0a821e4e.OPERATION#flowable-async-job-executor-thread-4228#
[UploadAppStep] Getting environment of application "920120e1-b670-449e-a1e5-cc3bde789221"...#
#2026 09 17 11:45:15.158#Z#INFO#3094b1d5-b28d-11f1-8b44-eeee0a821e4e.OPERATION#flowable-async-job-executor-thread-4228#
[UploadAppStep] Calculating application digest: "van-stock-profile-db-deployer"#
#2026 09 17 11:45:15.291#Z#DEBUG#3094b1d5-b28d-11f1-8b44-eeee0a821e4e.OPERATION#flowable-async-job-executor-thread-4228#
Step "Upload App" finished#
#2026 09 17 11:45:16.884#Z#DEBUG#3094b1d5-b28d-11f1-8b44-eeee0a821e4e.OPERATION#flowable-async-job-executor-thread-5475#
[BuildContentDeploymentConfigurationStep] Executing task "buildContentDeploymentConfigurationTask" of process "408dbfc7-b28d-11f1-8b44-eeee0a821e4e"...#
#2026 09 17 11:45:16.887#Z#DEBUG#3094b1d5-b28d-11f1-8b44-eeee0a821e4e.OPERATION#ForkJoinPool-204-worker-1#
[BuildContentDeploymentConfigurationStep] Getting service key "van-stock-profile-destination-content-van-stock-profile-destination-service-credentials" for service instance "van-stock-profile-destination-service"...#
#2026 09 17 11:45:16.888#Z#DEBUG#3094b1d5-b28d-11f1-8b44-eeee0a821e4e.OPERATION#ForkJoinPool-204-worker-2#
[BuildContentDeploymentConfigurationStep] Getting service key "van-stock-profile-repo-host-key" for service instance "van-stock-profile-html5-service"...#
#2026 09 17 11:45:16.888#Z#DEBUG#3094b1d5-b28d-11f1-8b44-eeee0a821e4e.OPERATION#ForkJoinPool-204-worker-3#
[BuildContentDeploymentConfigurationStep] Getting service key "van-stock-profile-auth-key" for service instance "van-stock-profile-auth"...#
#2026 09 17 11:45:17.058#Z#INFO#3094b1d5-b28d-11f1-8b44-eeee0a821e4e.OPERATION#ForkJoinPool-204-worker-1#
[BuildContentDeploymentConfigurationStep] Service key "van-stock-profile-destination-content-van-stock-profile-destination-service-credentials" for service "van-stock-profile-destination-service" already exists#
#2026 09 17 11:45:17.061#Z#INFO#3094b1d5-b28d-11f1-8b44-eeee0a821e4e.OPERATION#ForkJoinPool-204-worker-3#
[BuildContentDeploymentConfigurationStep] Service key "van-stock-profile-auth-key" for service "van-stock-profile-auth" already exists#
#2026 09 17 11:45:17.073#Z#INFO#3094b1d5-b28d-11f1-8b44-eeee0a821e4e.OPERATION#ForkJoinPool-204-worker-2#
[BuildContentDeploymentConfigurationStep] Service key "van-stock-profile-repo-host-key" for service "van-stock-profile-html5-service" already exists#
#2026 09 17 11:45:17.076#Z#DEBUG#3094b1d5-b28d-11f1-8b44-eeee0a821e4e.OPERATION#flowable-async-job-executor-thread-5475#
Step "Build Content Deployment Configuration" finished#
#2026 09 17 11:45:17.078#Z#DEBUG#3094b1d5-b28d-11f1-8b44-eeee0a821e4e.OPERATION#flowable-async-job-executor-thread-5475#
[CreateContentDeployClientConfigurationStep] Executing task "createContentDeployClientConfigurationTask" of process "40b284ed-b28d-11f1-8b44-eeee0a821e4e"...#
#2026 09 17 11:45:17.079#Z#DEBUG#3094b1d5-b28d-11f1-8b44-eeee0a821e4e.OPERATION#flowable-async-job-executor-thread-5475#
[CreateContentDeployClientConfigurationStep] Content deployer client configuration: {
  "contentDeployerUrl" : "https://destination-configuration.cfapps.us10.hana.ondemand.com/destination-configuration/gacd",
  "uaaClientConfiguration" : {
    "url" : "********",
    "credentials" : "********",
    "authenticationStrategyType" : "********"
  },
  "httpRequestHeaders" : {
    "X-CorrelationID" : "3094b1d5-b28d-11f1-8b44-eeee0a821e4e"
  },
  "spaceId" : "13a60b41-5bb4-40de-be02-0728b9134525",
  "serviceName" : "van-stock-profile-destination-service"
}#
#2026 09 17 11:45:17.234#Z#DEBUG#3094b1d5-b28d-11f1-8b44-eeee0a821e4e.OPERATION#flowable-async-job-executor-thread-5475#
Step "Create Content Deploy Client Configuration" finished#
#2026 09 17 11:45:17.235#Z#DEBUG#3094b1d5-b28d-11f1-8b44-eeee0a821e4e.OPERATION#flowable-async-job-executor-thread-5475#
[GetContentFromDeploymentDescriptorStep] Executing task "getContentFromDeploymentDescriptorTask" of process "40b284ed-b28d-11f1-8b44-eeee0a821e4e"...#
#2026 09 17 11:45:17.235#Z#DEBUG#3094b1d5-b28d-11f1-8b44-eeee0a821e4e.OPERATION#flowable-async-job-executor-thread-5475#
[GetContentFromDeploymentDescriptorStep] Content for module: "van-stock-profile-destination-content" is: "{
  "id" : "efbb5e7a-794b-43fc-99b1-2b176e77bfd9",
  "contentType" : "EMBEDDED",
  "content" : {
    "instance" : {
      "destinations" : [ {
        "Name" : "van_stock_profile_html_repo_host",
        "ServiceInstanceName" : "van-stock-profile-html5-service",
        "ServiceKeyName" : "********",
        "sap.cloud.service" : "van-stock-profile.service"
      }, {
        "Authentication" : "********",
        "Name" : "van_stock_profile_uaa",
        "ServiceInstanceName" : "********",
        "ServiceKeyName" : "********",
        "sap.cloud.service" : "van-stock-profile.service"
      }, {
        "Authentication" : "********",
        "HTML5.DynamicDestination" : true,
        "HTML5.ForwardAuthToken" : "********",
        "Name" : "van_stock_profile_srv_api",
        "ProxyType" : "Internet",
        "Type" : "HTTP",
        "sap.cloud.service" : "van-stock-profile.service"
      } ],
      "existing_destinations_policy" : "update"
    }
  }
}"#
#2026 09 17 11:45:17.235#Z#DEBUG#3094b1d5-b28d-11f1-8b44-eeee0a821e4e.OPERATION#flowable-async-job-executor-thread-5475#
Step "Get Content From Deployment Descriptor" finished#
#2026 09 17 11:45:17.236#Z#DEBUG#3094b1d5-b28d-11f1-8b44-eeee0a821e4e.OPERATION#flowable-async-job-executor-thread-5475#
[SynchronousContentDeployStep] Executing task "synchronousContentDeployTask" of process "40b284ed-b28d-11f1-8b44-eeee0a821e4e"...#
#2026 09 17 11:45:17.236#Z#INFO#3094b1d5-b28d-11f1-8b44-eeee0a821e4e.OPERATION#flowable-async-job-executor-thread-5475#
[SynchronousContentDeployStep] Deploying content module "van-stock-profile-destination-content" in target service "van-stock-profile-destination-service"...#
#2026 09 17 11:45:17.401#Z#DEBUG#3094b1d5-b28d-11f1-8b44-eeee0a821e4e.OPERATION#flowable-async-job-executor-thread-5475#
[SynchronousContentDeployStep] Processing inline content upload for module: van-stock-profile-destination-content#
#2026 09 17 11:45:17.436#Z#ERROR#3094b1d5-b28d-11f1-8b44-eeee0a821e4e.OPERATION#flowable-async-job-executor-thread-5475#
[SynchronousContentDeployStep] [van-stock-profile-destination-content] [ERROR] Missing destination property [ServiceInstanceName] in destination van_stock_profile_srv_api#
#2026 09 17 11:45:17.440#Z#ERROR#3094b1d5-b28d-11f1-8b44-eeee0a821e4e.OPERATION#flowable-async-job-executor-thread-5475#
Exception caught#
org.cloudfoundry.multiapps.common.ContentException: Content deployment for module "van-stock-profile-destination-content" to resource "van-stock-profile-destination-service" failed: Content deployment for module "van-stock-profile-destination-content" failed due to invalid content. Download the logs "van-stock-profile-destination-content_van-stock-profile-destination-service" via the dmol command and check them for more information. 
	at org.cloudfoundry.multiapps.controller.process.steps.SyncFlowableStep.processException(SyncFlowableStep.java:159)
	at org.cloudfoundry.multiapps.controller.process.steps.SyncFlowableStep.onStepError(SyncFlowableStep.java:154)
	at org.cloudfoundry.multiapps.controller.process.steps.SyncFlowableStep.handleException(SyncFlowableStep.java:130)
	at org.cloudfoundry.multiapps.controller.process.steps.SyncFlowableStep.executeInternal(SyncFlowableStep.java:91)
	at org.cloudfoundry.multiapps.controller.process.steps.SyncFlowableStep.lambda$execute$0(SyncFlowableStep.java:75)
	at org.cloudfoundry.multiapps.controller.core.util.LoggingUtil.logWithCorrelationId(LoggingUtil.java:14)
	at org.cloudfoundry.multiapps.controller.process.steps.SyncFlowableStep.execute(SyncFlowableStep.java:75)
	at org.flowable.engine.impl.delegate.invocation.JavaDelegateInvocation.invoke(JavaDelegateInvocation.java:35)
	at org.flowable.engine.impl.delegate.invocation.DelegateInvocation.proceed(DelegateInvocation.java:32)
	at org.flowable.engine.impl.delegate.invocation.DefaultDelegateInterceptor.handleInvocation(DefaultDelegateInterceptor.java:26)
	at org.flowable.engine.impl.bpmn.behavior.ServiceTaskDelegateExpressionActivityBehavior.execute(ServiceTaskDelegateExpressionActivityBehavior.java:177)
	at org.flowable.engine.impl.agenda.ContinueProcessOperation.executeActivityBehavior(ContinueProcessOperation.java:298)
	at org.flowable.engine.impl.agenda.ContinueProcessOperation.executeSynchronous(ContinueProcessOperation.java:175)
	at org.flowable.engine.impl.agenda.ContinueProcessOperation.continueThroughFlowNode(ContinueProcessOperation.java:125)
	at org.flowable.engine.impl.agenda.ContinueProcessOperation.run(ContinueProcessOperation.java:88)
	at org.flowable.common.engine.impl.AbstractEngineConfiguration.lambda$new$0(AbstractEngineConfiguration.java:198)
	at org.flowable.engine.impl.interceptor.CommandInvoker.executeOperation(CommandInvoker.java:189)
	at org.flowable.engine.impl.interceptor.CommandInvoker.executeOperations(CommandInvoker.java:128)
	at org.flowable.engine.impl.interceptor.CommandInvoker.execute(CommandInvoker.java:80)
	at org.flowable.engine.impl.interceptor.BpmnOverrideContextInterceptor.execute(BpmnOverrideContextInterceptor.java:26)
	at org.flowable.common.engine.impl.interceptor.TransactionContextInterceptor.execute(TransactionContextInterceptor.java:53)
	at org.flowable.common.engine.impl.interceptor.CommandContextInterceptor.execute(CommandContextInterceptor.java:105)
	at org.flowable.common.spring.SpringTransactionInterceptor.lambda$execute$0(SpringTransactionInterceptor.java:57)
	at org.springframework.transaction.support.TransactionTemplate.execute(TransactionTemplate.java:140)
	at org.flowable.common.spring.SpringTransactionInterceptor.execute(SpringTransactionInterceptor.java:57)
	at org.flowable.common.engine.impl.interceptor.LogInterceptor.execute(LogInterceptor.java:30)
	at org.flowable.common.engine.impl.cfg.CommandExecutorImpl.execute(CommandExecutorImpl.java:56)
	at org.flowable.common.engine.impl.cfg.CommandExecutorImpl.execute(CommandExecutorImpl.java:51)
	at org.flowable.job.service.impl.asyncexecutor.ExecuteAsyncRunnable.handleTransactionalJob(ExecuteAsyncRunnable.java:177)
	at org.flowable.job.service.impl.asyncexecutor.ExecuteAsyncRunnable.executeJob(ExecuteAsyncRunnable.java:146)
	at org.flowable.job.service.impl.asyncexecutor.ExecuteAsyncRunnable.runInternally(ExecuteAsyncRunnable.java:122)
	at org.flowable.job.service.impl.asyncexecutor.ExecuteAsyncRunnable.run(ExecuteAsyncRunnable.java:96)
	at java.base/java.util.concurrent.ThreadPoolExecutor.runWorker(ThreadPoolExecutor.java:1090)
	at java.base/java.util.concurrent.ThreadPoolExecutor$Worker.run(ThreadPoolExecutor.java:614)
	at java.base/java.lang.Thread.run(Thread.java:1474)
Caused by: org.cloudfoundry.multiapps.common.ContentException: Content deployment for module "van-stock-profile-destination-content" failed due to invalid content. Download the logs "van-stock-profile-destination-content_van-stock-profile-destination-service" via the dmol command and check them for more information.
	at com.sap.cloud.lm.sl.cf.sap.process.steps.SynchronousContentDeployStep.executeStep(SynchronousContentDeployStep.java:61)
	at org.cloudfoundry.multiapps.controller.process.steps.SyncFlowableStep.executeInternal(SyncFlowableStep.java:85)
	... 31 more
#2026 09 17 11:45:17.444#Z#DEBUG#3094b1d5-b28d-11f1-8b44-eeee0a821e4e.OPERATION#flowable-async-job-executor-thread-5475#
Step "Synchronous Deploy" finished#
#2026 09 17 11:45:19.921#Z#DEBUG#3094b1d5-b28d-11f1-8b44-eeee0a821e4e.OPERATION#flowable-async-job-executor-thread-5474#
[BuildContentDeploymentConfigurationStep] Executing task "buildContentDeploymentConfigurationTask" of process "425b5385-b28d-11f1-8b44-eeee0a821e4e"...#
#2026 09 17 11:45:19.981#Z#DEBUG#3094b1d5-b28d-11f1-8b44-eeee0a821e4e.OPERATION#flowable-async-job-executor-thread-5474#
[BuildContentDeploymentConfigurationStep] Getting service key "van-stock-profile-app-content-van-stock-profile-repo-host-credentials" for service instance "van-stock-profile-html5-service"...#
#2026 09 17 11:45:20.199#Z#INFO#3094b1d5-b28d-11f1-8b44-eeee0a821e4e.OPERATION#flowable-async-job-executor-thread-5474#
[BuildContentDeploymentConfigurationStep] Service key "van-stock-profile-app-content-van-stock-profile-repo-host-credentials" for service "van-stock-profile-html5-service" already exists#
#2026 09 17 11:45:20.203#Z#DEBUG#3094b1d5-b28d-11f1-8b44-eeee0a821e4e.OPERATION#flowable-async-job-executor-thread-5474#
Step "Build Content Deployment Configuration" finished#
#2026 09 17 11:45:20.205#Z#DEBUG#3094b1d5-b28d-11f1-8b44-eeee0a821e4e.OPERATION#flowable-async-job-executor-thread-5474#
[CreateContentDeployClientConfigurationStep] Executing task "createContentDeployClientConfigurationTask" of process "428fa98b-b28d-11f1-8b44-eeee0a821e4e"...#
#2026 09 17 11:45:20.205#Z#DEBUG#3094b1d5-b28d-11f1-8b44-eeee0a821e4e.OPERATION#flowable-async-job-executor-thread-5474#
[CreateContentDeployClientConfigurationStep] Content deployer client configuration: {
  "contentDeployerUrl" : "https://html5-apps-repo-dt.cfapps.us10.hana.ondemand.com",
  "uaaClientConfiguration" : {
    "url" : "********",
    "credentials" : "********",
    "authenticationStrategyType" : "********"
  },
  "httpRequestHeaders" : {
    "X-CorrelationID" : "3094b1d5-b28d-11f1-8b44-eeee0a821e4e"
  },
  "spaceId" : "13a60b41-5bb4-40de-be02-0728b9134525",
  "serviceName" : "van-stock-profile-repo-host"
}#
#2026 09 17 11:45:20.342#Z#DEBUG#3094b1d5-b28d-11f1-8b44-eeee0a821e4e.OPERATION#flowable-async-job-executor-thread-5474#
Step "Create Content Deploy Client Configuration" finished#
#2026 09 17 11:45:20.344#Z#DEBUG#3094b1d5-b28d-11f1-8b44-eeee0a821e4e.OPERATION#flowable-async-job-executor-thread-5474#
[GetContentFromDeploymentDescriptorStep] Executing task "getContentFromDeploymentDescriptorTask" of process "428fa98b-b28d-11f1-8b44-eeee0a821e4e"...#
#2026 09 17 11:45:20.344#Z#DEBUG#3094b1d5-b28d-11f1-8b44-eeee0a821e4e.OPERATION#flowable-async-job-executor-thread-5474#
Step "Get Content From Deployment Descriptor" finished#
#2026 09 17 11:45:20.345#Z#DEBUG#3094b1d5-b28d-11f1-8b44-eeee0a821e4e.OPERATION#flowable-async-job-executor-thread-5474#
[UploadContentStep] Executing task "uploadContentTask" of process "428fa98b-b28d-11f1-8b44-eeee0a821e4e"...#
#2026 09 17 11:45:20.345#Z#INFO#3094b1d5-b28d-11f1-8b44-eeee0a821e4e.OPERATION#flowable-async-job-executor-thread-5474#
[UploadContentStep] Uploading content module "van-stock-profile-app-content" in target service "van-stock-profile-repo-host"...#
#2026 09 17 11:45:20.350#Z#DEBUG#3094b1d5-b28d-11f1-8b44-eeee0a821e4e.OPERATION#flowable-async-job-executor-thread-5474#
[UploadContentStep] Uploading file "van-stock-profile-app-content/resources/data.zip" for content module "van-stock-profile-app-content" in service "van-stock-profile-repo-host"#
#2026 09 17 11:45:20.559#Z#INFO#3094b1d5-b28d-11f1-8b44-eeee0a821e4e.OPERATION#flowable-async-job-executor-thread-5474#
[UploadContentStep] Content to deploy size: 19,054 in bytes#
#2026 09 17 11:45:21.082#Z#DEBUG#3094b1d5-b28d-11f1-8b44-eeee0a821e4e.OPERATION#flowable-async-job-executor-thread-5474#
[UploadContentStep] Uploaded content: {
  "id" : "d02554ee-9175-4e42-b78a-3dbfade4901d",
  "name" : "content.zip",
  "contentType" : "FILE"
}#
#2026 09 17 11:45:21.083#Z#DEBUG#3094b1d5-b28d-11f1-8b44-eeee0a821e4e.OPERATION#flowable-async-job-executor-thread-5474#
Step "Upload Content" finished#
#2026 09 17 11:45:21.084#Z#DEBUG#3094b1d5-b28d-11f1-8b44-eeee0a821e4e.OPERATION#flowable-async-job-executor-thread-5474#
[StartContentDeployStep] Executing task "startContentDeployTask" of process "428fa98b-b28d-11f1-8b44-eeee0a821e4e"...#
#2026 09 17 11:45:21.084#Z#INFO#3094b1d5-b28d-11f1-8b44-eeee0a821e4e.OPERATION#flowable-async-job-executor-thread-5474#
[StartContentDeployStep] Deploying content module "van-stock-profile-app-content" in target service "van-stock-profile-repo-host"...#
#2026 09 17 11:45:21.312#Z#DEBUG#3094b1d5-b28d-11f1-8b44-eeee0a821e4e.OPERATION#flowable-async-job-executor-thread-5474#
Step "Start Content Deploy" finished#
#2026 09 17 11:45:28.354#Z#DEBUG#3094b1d5-b28d-11f1-8b44-eeee0a821e4e.OPERATION#flowable-async-job-executor-thread-5484#
[UnbindServiceFromApplicationStep] Executing task "unbindServiceFromApplicationTask" of process "3ec4e5ca-b28d-11f1-853a-eeee0a812a2c"...#
#2026 09 17 11:45:28.355#Z#DEBUG#3094b1d5-b28d-11f1-8b44-eeee0a821e4e.OPERATION#flowable-async-job-executor-thread-5484#
[UnbindServiceFromApplicationStep] Getting async job "6e187c23-ddab-4a05-a28b-1128870de2cd"#
#2026 09 17 11:45:28.383#Z#DEBUG#3094b1d5-b28d-11f1-8b44-eeee0a821e4e.OPERATION#flowable-async-job-executor-thread-5484#
[UnbindServiceFromApplicationStep] Getting service instance "van-stock-profile-auth"...#
#2026 09 17 11:45:28.488#Z#DEBUG#3094b1d5-b28d-11f1-8b44-eeee0a821e4e.OPERATION#flowable-async-job-executor-thread-5484#
[UnbindServiceFromApplicationStep] Async service binding operation with id "6e187c23-ddab-4a05-a28b-1128870de2cd" finished#
#2026 09 17 11:45:28.489#Z#DEBUG#3094b1d5-b28d-11f1-8b44-eeee0a821e4e.OPERATION#flowable-async-job-executor-thread-5484#
Step "Unbind Service from Application" finished#
#2026 09 17 11:45:28.637#Z#DEBUG#3094b1d5-b28d-11f1-8b44-eeee0a821e4e.OPERATION#flowable-async-job-executor-thread-5484#
[BindServiceToApplicationStep] Executing task "bindServiceToApplicationTask" of process "3ec4e5ca-b28d-11f1-853a-eeee0a812a2c"...#
#2026 09 17 11:45:28.638#Z#INFO#3094b1d5-b28d-11f1-8b44-eeee0a821e4e.OPERATION#flowable-async-job-executor-thread-5484#
[BindServiceToApplicationStep] Binding service instance "van-stock-profile-auth" to application "van-stock-profile-srv"...#
#2026 09 17 11:45:28.641#Z#DEBUG#3094b1d5-b28d-11f1-8b44-eeee0a821e4e.OPERATION#flowable-async-job-executor-thread-5484#
[BindServiceToApplicationStep] Binding service instance "van-stock-profile-auth" to application "van-stock-profile-srv" with parameters: { }#
#2026 09 17 11:45:28.749#Z#DEBUG#3094b1d5-b28d-11f1-8b44-eeee0a821e4e.OPERATION#flowable-async-job-executor-thread-5484#
Step "Bind Service to Application" finished#
#2026 09 17 11:45:28.361#Z#DEBUG#3094b1d5-b28d-11f1-8b44-eeee0a821e4e.OPERATION#flowable-async-job-executor-thread-5479#
[StartContentDeployStep] Executing task "startContentDeployTask" of process "428fa98b-b28d-11f1-8b44-eeee0a821e4e"...#
#2026 09 17 11:45:28.363#Z#DEBUG#3094b1d5-b28d-11f1-8b44-eeee0a821e4e.OPERATION#flowable-async-job-executor-thread-5479#
[StartContentDeployStep] Checking status of module content deployment "van-stock-profile-app-content" in service "van-stock-profile-repo-host"...#
#2026 09 17 11:45:28.847#Z#DEBUG#3094b1d5-b28d-11f1-8b44-eeee0a821e4e.OPERATION#flowable-async-job-executor-thread-5479#
[StartContentDeployStep] Deleting content deployment resource "d02554ee-9175-4e42-b78a-3dbfade4901d"...#
#2026 09 17 11:45:28.884#Z#DEBUG#3094b1d5-b28d-11f1-8b44-eeee0a821e4e.OPERATION#flowable-async-job-executor-thread-5479#
Step "Start Content Deploy" finished#
#2026 09 17 11:45:28.455#Z#DEBUG#3094b1d5-b28d-11f1-8b44-eeee0a821e4e.OPERATION#flowable-async-job-executor-thread-5481#
[UploadAppStep] Executing task "uploadAppTask" of process "3f765ba5-b28d-11f1-853a-eeee0a812a2c"...#
#2026 09 17 11:45:28.456#Z#DEBUG#3094b1d5-b28d-11f1-8b44-eeee0a821e4e.OPERATION#flowable-async-job-executor-thread-5481#
[UploadAppStep] Application upload timeout is default one: 3,600 seconds#
#2026 09 17 11:45:28.457#Z#DEBUG#3094b1d5-b28d-11f1-8b44-eeee0a821e4e.OPERATION#pool-14-thread-3#
[UploadAppStep] Upload of application: van-stock-profile-db-deployer started on instance: 0#
#2026 09 17 11:45:28.457#Z#DEBUG#3094b1d5-b28d-11f1-8b44-eeee0a821e4e.OPERATION#pool-14-thread-3#
[UploadAppStep] Uploading file "van-stock-profile-db-deployer/data.zip" for application "van-stock-profile-db-deployer"#
#2026 09 17 11:45:28.620#Z#INFO#3094b1d5-b28d-11f1-8b44-eeee0a821e4e.OPERATION#pool-14-thread-3#
[UploadAppStep] Time elapsed for app binary download: 163 in millis#
#2026 09 17 11:45:28.621#Z#INFO#3094b1d5-b28d-11f1-8b44-eeee0a821e4e.OPERATION#pool-14-thread-3#
[UploadAppStep] Size of app van-stock-profile-db-deployer is 2,451,287 bytes#
#2026 09 17 11:45:28.621#Z#DEBUG#3094b1d5-b28d-11f1-8b44-eeee0a821e4e.OPERATION#pool-14-thread-3#
[UploadAppStep] Asynchronously uploading binaries for application "van-stock-profile-db-deployer"...#
#2026 09 17 11:45:28.814#Z#INFO#3094b1d5-b28d-11f1-8b44-eeee0a821e4e.OPERATION#pool-14-thread-3#
[UploadAppStep] Started async upload of application "van-stock-profile-db-deployer"#
#2026 09 17 11:45:28.819#Z#INFO#3094b1d5-b28d-11f1-8b44-eeee0a821e4e.OPERATION#flowable-async-job-executor-thread-5481#
[UploadAppStep] Time elapsed for upload: 362 in millis#
#2026 09 17 11:45:28.819#Z#DEBUG#3094b1d5-b28d-11f1-8b44-eeee0a821e4e.OPERATION#flowable-async-job-executor-thread-5481#
[UploadAppStep] Getting application "van-stock-profile-db-deployer"...#
#2026 09 17 11:45:28.835#Z#DEBUG#3094b1d5-b28d-11f1-8b44-eeee0a821e4e.OPERATION#App upload monitor: cec30253-d6f1-46d1-8d8e-d227e38624c4#
[UploadAppStep] Upload status: PROCESSING_UPLOAD#
#2026 09 17 11:45:28.848#Z#DEBUG#3094b1d5-b28d-11f1-8b44-eeee0a821e4e.OPERATION#flowable-async-job-executor-thread-5481#
[UploadAppStep] Getting environment of application "920120e1-b670-449e-a1e5-cc3bde789221"...#
#2026 09 17 11:45:28.875#Z#DEBUG#3094b1d5-b28d-11f1-8b44-eeee0a821e4e.OPERATION#flowable-async-job-executor-thread-5481#
[UploadAppStep] Updating environment of application "van-stock-profile-db-deployer"#
#2026 09 17 11:45:28.949#Z#DEBUG#3094b1d5-b28d-11f1-8b44-eeee0a821e4e.OPERATION#flowable-async-job-executor-thread-5481#
Step "Upload App" finished#
#2026 09 17 11:45:38.491#Z#DEBUG#3094b1d5-b28d-11f1-8b44-eeee0a821e4e.OPERATION#flowable-async-job-executor-thread-4738#
[UploadAppStep] Executing task "uploadAppTask" of process "3f765ba5-b28d-11f1-853a-eeee0a812a2c"...#
#2026 09 17 11:45:38.494#Z#DEBUG#3094b1d5-b28d-11f1-8b44-eeee0a821e4e.OPERATION#flowable-async-job-executor-thread-4738#
[UploadAppStep] Application upload timeout is default one: 3,600 seconds#
#2026 09 17 11:45:38.494#Z#DEBUG#3094b1d5-b28d-11f1-8b44-eeee0a821e4e.OPERATION#flowable-async-job-executor-thread-4738#
[UploadAppStep] Checking upload status of application "van-stock-profile-db-deployer"...#
#2026 09 17 11:45:38.495#Z#DEBUG#3094b1d5-b28d-11f1-8b44-eeee0a821e4e.OPERATION#flowable-async-job-executor-thread-4738#
[UploadAppStep] Getting package "cec30253-d6f1-46d1-8d8e-d227e38624c4"...#
#2026 09 17 11:45:38.528#Z#DEBUG#3094b1d5-b28d-11f1-8b44-eeee0a821e4e.OPERATION#flowable-async-job-executor-thread-4738#
[UploadAppStep] Application "van-stock-profile-db-deployer" uploaded#
#2026 09 17 11:45:38.531#Z#DEBUG#3094b1d5-b28d-11f1-8b44-eeee0a821e4e.OPERATION#flowable-async-job-executor-thread-4738#
Step "Upload App" finished#
#2026 09 17 11:45:38.478#Z#DEBUG#3094b1d5-b28d-11f1-8b44-eeee0a821e4e.OPERATION#flowable-async-job-executor-thread-4737#
[BindServiceToApplicationStep] Executing task "bindServiceToApplicationTask" of process "3ec4e5ca-b28d-11f1-853a-eeee0a812a2c"...#
#2026 09 17 11:45:38.480#Z#DEBUG#3094b1d5-b28d-11f1-8b44-eeee0a821e4e.OPERATION#flowable-async-job-executor-thread-4737#
[BindServiceToApplicationStep] Getting async job "6d441d75-0f04-4a79-bfaf-debe877db804"#
#2026 09 17 11:45:38.522#Z#DEBUG#3094b1d5-b28d-11f1-8b44-eeee0a821e4e.OPERATION#flowable-async-job-executor-thread-4737#
[BindServiceToApplicationStep] Getting service instance "van-stock-profile-auth"...#
#2026 09 17 11:45:38.633#Z#DEBUG#3094b1d5-b28d-11f1-8b44-eeee0a821e4e.OPERATION#flowable-async-job-executor-thread-4737#
[BindServiceToApplicationStep] Async service binding operation with id "6d441d75-0f04-4a79-bfaf-debe877db804" finished#
#2026 09 17 11:45:38.634#Z#DEBUG#3094b1d5-b28d-11f1-8b44-eeee0a821e4e.OPERATION#flowable-async-job-executor-thread-4737#
Step "Bind Service to Application" finished#
#2026 09 17 11:45:38.562#Z#DEBUG#3094b1d5-b28d-11f1-8b44-eeee0a821e4e.OPERATION#flowable-async-job-executor-thread-4739#
[ScaleAppStep] Executing task "scaleAppTask" of process "3f765ba5-b28d-11f1-853a-eeee0a812a2c"...#
#2026 09 17 11:45:38.565#Z#DEBUG#3094b1d5-b28d-11f1-8b44-eeee0a821e4e.OPERATION#flowable-async-job-executor-thread-4739#
[ScaleAppStep] Scaling application "van-stock-profile-db-deployer"...#
#2026 09 17 11:45:38.565#Z#DEBUG#3094b1d5-b28d-11f1-8b44-eeee0a821e4e.OPERATION#flowable-async-job-executor-thread-4739#
[ScaleAppStep] Getting application guid "van-stock-profile-db-deployer"...#
#2026 09 17 11:45:38.593#Z#DEBUG#3094b1d5-b28d-11f1-8b44-eeee0a821e4e.OPERATION#flowable-async-job-executor-thread-4739#
[ScaleAppStep] Getting process for application "920120e1-b670-449e-a1e5-cc3bde789221"...#
#2026 09 17 11:45:38.637#Z#DEBUG#3094b1d5-b28d-11f1-8b44-eeee0a821e4e.OPERATION#flowable-async-job-executor-thread-4739#
[ScaleAppStep] Application "van-stock-profile-db-deployer" scaled#
#2026 09 17 11:45:38.637#Z#DEBUG#3094b1d5-b28d-11f1-8b44-eeee0a821e4e.OPERATION#flowable-async-job-executor-thread-4739#
Step "Scale App" finished#
#2026 09 17 11:45:38.668#Z#DEBUG#3094b1d5-b28d-11f1-8b44-eeee0a821e4e.OPERATION#flowable-async-job-executor-thread-4740#
[DetermineDesiredStateAchievingActionsStep] Executing task "determineDesiredStateAchievingActionsTask" of process "3f765ba5-b28d-11f1-853a-eeee0a812a2c"...#
#2026 09 17 11:45:38.669#Z#DEBUG#3094b1d5-b28d-11f1-8b44-eeee0a821e4e.OPERATION#flowable-async-job-executor-thread-4740#
[DetermineDesiredStateAchievingActionsStep] Getting application "van-stock-profile-db-deployer"...#
#2026 09 17 11:45:38.700#Z#DEBUG#3094b1d5-b28d-11f1-8b44-eeee0a821e4e.OPERATION#flowable-async-job-executor-thread-4740#
[DetermineDesiredStateAchievingActionsStep] Getting instances for application "van-stock-profile-db-deployer"...#
#2026 09 17 11:45:38.700#Z#DEBUG#3094b1d5-b28d-11f1-8b44-eeee0a821e4e.OPERATION#flowable-async-job-executor-thread-4740#
[DetermineDesiredStateAchievingActionsStep] Getting environment of application "920120e1-b670-449e-a1e5-cc3bde789221"...#
#2026 09 17 11:45:38.734#Z#DEBUG#3094b1d5-b28d-11f1-8b44-eeee0a821e4e.OPERATION#flowable-async-job-executor-thread-4740#
[DetermineDesiredStateAchievingActionsStep] Current state of application van-stock-profile-db-deployer: STOPPED#
#2026 09 17 11:45:38.734#Z#DEBUG#3094b1d5-b28d-11f1-8b44-eeee0a821e4e.OPERATION#flowable-async-job-executor-thread-4740#
[DetermineDesiredStateAchievingActionsStep] Desired state of application van-stock-profile-db-deployer: STOPPED#
#2026 09 17 11:45:38.734#Z#DEBUG#3094b1d5-b28d-11f1-8b44-eeee0a821e4e.OPERATION#flowable-async-job-executor-thread-4740#
[DetermineDesiredStateAchievingActionsStep] Actions that should be executed on application van-stock-profile-db-deployer: [STAGE]#
#2026 09 17 11:45:38.734#Z#DEBUG#3094b1d5-b28d-11f1-8b44-eeee0a821e4e.OPERATION#flowable-async-job-executor-thread-4740#
Step "Determine Desired State Achieving Actions" finished#
#2026 09 17 11:45:38.747#Z#DEBUG#3094b1d5-b28d-11f1-8b44-eeee0a821e4e.OPERATION#flowable-async-job-executor-thread-4737#
[DetermineVcapServicesPropertiesChangedStep] Executing task "determineVcapServicesPropertiesChangedTask" of process "4d959f9e-b28d-11f1-a404-eeee0a8d0d65"...#
#2026 09 17 11:45:38.749#Z#DEBUG#3094b1d5-b28d-11f1-8b44-eeee0a821e4e.OPERATION#flowable-async-job-executor-thread-4737#
[DetermineVcapServicesPropertiesChangedStep] VCAP_SERVICES properties for application "van-stock-profile-srv" changed: true#
#2026 09 17 11:45:38.749#Z#DEBUG#3094b1d5-b28d-11f1-8b44-eeee0a821e4e.OPERATION#flowable-async-job-executor-thread-4737#
Step "Determine vcap services properties changed" finished#
#2026 09 17 11:45:38.777#Z#DEBUG#3094b1d5-b28d-11f1-8b44-eeee0a821e4e.OPERATION#flowable-async-job-executor-thread-4737#
[UploadAppStep] Executing task "uploadAppTask" of process "4d959f9e-b28d-11f1-a404-eeee0a8d0d65"...#
#2026 09 17 11:45:38.778#Z#DEBUG#3094b1d5-b28d-11f1-8b44-eeee0a821e4e.OPERATION#flowable-async-job-executor-thread-4737#
[UploadAppStep] Application upload timeout is default one: 3,600 seconds#
#2026 09 17 11:45:38.778#Z#INFO#3094b1d5-b28d-11f1-8b44-eeee0a821e4e.OPERATION#flowable-async-job-executor-thread-4737#
[UploadAppStep] Uploading application "van-stock-profile-srv"...#
#2026 09 17 11:45:38.788#Z#DEBUG#3094b1d5-b28d-11f1-8b44-eeee0a821e4e.OPERATION#flowable-async-job-executor-thread-4737#
[UploadAppStep] Getting application "van-stock-profile-srv"...#
#2026 09 17 11:45:38.822#Z#DEBUG#3094b1d5-b28d-11f1-8b44-eeee0a821e4e.OPERATION#flowable-async-job-executor-thread-4737#
[UploadAppStep] Getting environment of application "f6ee7e69-0530-499e-9b8b-8c9cb7424d76"...#
#2026 09 17 11:45:38.858#Z#INFO#3094b1d5-b28d-11f1-8b44-eeee0a821e4e.OPERATION#flowable-async-job-executor-thread-4737#
[UploadAppStep] Calculating application digest: "van-stock-profile-srv"#
#2026 09 17 11:45:39.046#Z#DEBUG#3094b1d5-b28d-11f1-8b44-eeee0a821e4e.OPERATION#flowable-async-job-executor-thread-4737#
Step "Upload App" finished#
#2026 09 17 11:45:38.765#Z#DEBUG#3094b1d5-b28d-11f1-8b44-eeee0a821e4e.OPERATION#flowable-async-job-executor-thread-4740#
[StageAppStep] Executing task "stageAppTask" of process "3f765ba5-b28d-11f1-853a-eeee0a812a2c"...#
#2026 09 17 11:45:38.766#Z#DEBUG#3094b1d5-b28d-11f1-8b44-eeee0a821e4e.OPERATION#flowable-async-job-executor-thread-4740#
[StageAppStep] Application stage timeout is default one: 3,600 seconds#
#2026 09 17 11:45:38.768#Z#INFO#3094b1d5-b28d-11f1-8b44-eeee0a821e4e.OPERATION#flowable-async-job-executor-thread-4740#
[StageAppStep] Staging application "van-stock-profile-db-deployer"...#
#2026 09 17 11:45:38.772#Z#DEBUG#3094b1d5-b28d-11f1-8b44-eeee0a821e4e.OPERATION#flowable-async-job-executor-thread-4740#
[StageAppStep] Creating build for package "cec30253-d6f1-46d1-8d8e-d227e38624c4"...#
#2026 09 17 11:45:39.170#Z#DEBUG#3094b1d5-b28d-11f1-8b44-eeee0a821e4e.OPERATION#flowable-async-job-executor-thread-4740#
Step "Stage App" finished#
#2026 09 17 11:45:48.720#Z#DEBUG#3094b1d5-b28d-11f1-8b44-eeee0a821e4e.OPERATION#flowable-async-job-executor-thread-5492#
[StageAppStep] Executing task "stageAppTask" of process "3f765ba5-b28d-11f1-853a-eeee0a812a2c"...#
#2026 09 17 11:45:48.721#Z#DEBUG#3094b1d5-b28d-11f1-8b44-eeee0a821e4e.OPERATION#flowable-async-job-executor-thread-5492#
[StageAppStep] Application stage timeout is default one: 3,600 seconds#
#2026 09 17 11:45:48.722#Z#DEBUG#3094b1d5-b28d-11f1-8b44-eeee0a821e4e.OPERATION#flowable-async-job-executor-thread-5492#
[StageAppStep] Checking status of application "van-stock-profile-db-deployer"...#
#2026 09 17 11:45:48.722#Z#DEBUG#3094b1d5-b28d-11f1-8b44-eeee0a821e4e.OPERATION#flowable-async-job-executor-thread-5492#
[StageAppStep] Getting build "a4d8c9f2-15be-4d4f-9966-6a9712f8ed4a"...#
#2026 09 17 11:45:48.752#Z#DEBUG#3094b1d5-b28d-11f1-8b44-eeee0a821e4e.OPERATION#flowable-async-job-executor-thread-5492#
[StageAppStep] Staging status of application "van-stock-profile-db-deployer": PENDING#
#2026 09 17 11:45:48.754#Z#DEBUG#3094b1d5-b28d-11f1-8b44-eeee0a821e4e.OPERATION#flowable-async-job-executor-thread-5492#
[StageAppStep] Getting application guid "van-stock-profile-db-deployer"...#
#2026 09 17 11:45:48.838#Z#DEBUG#3094b1d5-b28d-11f1-8b44-eeee0a821e4e.OPERATION#flowable-async-job-executor-thread-5492#
Step "Stage App" finished#
#2026 09 17 11:45:48.523#Z#DEBUG#3094b1d5-b28d-11f1-8b44-eeee0a821e4e.OPERATION#flowable-async-job-executor-thread-5486#
[UploadAppStep] Executing task "uploadAppTask" of process "4d959f9e-b28d-11f1-a404-eeee0a8d0d65"...#
#2026 09 17 11:45:48.525#Z#DEBUG#3094b1d5-b28d-11f1-8b44-eeee0a821e4e.OPERATION#flowable-async-job-executor-thread-5486#
[UploadAppStep] Application upload timeout is default one: 3,600 seconds#
#2026 09 17 11:45:48.527#Z#DEBUG#3094b1d5-b28d-11f1-8b44-eeee0a821e4e.OPERATION#pool-14-thread-3#
[UploadAppStep] Upload of application: van-stock-profile-srv started on instance: 0#
#2026 09 17 11:45:48.527#Z#DEBUG#3094b1d5-b28d-11f1-8b44-eeee0a821e4e.OPERATION#pool-14-thread-3#
[UploadAppStep] Uploading file "van-stock-profile-srv/data.zip" for application "van-stock-profile-srv"#
#2026 09 17 11:45:48.677#Z#INFO#3094b1d5-b28d-11f1-8b44-eeee0a821e4e.OPERATION#pool-14-thread-3#
[UploadAppStep] Time elapsed for app binary download: 150 in millis#
#2026 09 17 11:45:48.677#Z#INFO#3094b1d5-b28d-11f1-8b44-eeee0a821e4e.OPERATION#pool-14-thread-3#
[UploadAppStep] Size of app van-stock-profile-srv is 12,507,101 bytes#
#2026 09 17 11:45:48.677#Z#DEBUG#3094b1d5-b28d-11f1-8b44-eeee0a821e4e.OPERATION#pool-14-thread-3#
[UploadAppStep] Asynchronously uploading binaries for application "van-stock-profile-srv"...#
#2026 09 17 11:45:48.949#Z#INFO#3094b1d5-b28d-11f1-8b44-eeee0a821e4e.OPERATION#pool-14-thread-3#
[UploadAppStep] Started async upload of application "van-stock-profile-srv"#
#2026 09 17 11:45:48.954#Z#INFO#3094b1d5-b28d-11f1-8b44-eeee0a821e4e.OPERATION#flowable-async-job-executor-thread-5486#
[UploadAppStep] Time elapsed for upload: 429 in millis#
#2026 09 17 11:45:48.955#Z#DEBUG#3094b1d5-b28d-11f1-8b44-eeee0a821e4e.OPERATION#flowable-async-job-executor-thread-5486#
[UploadAppStep] Getting application "van-stock-profile-srv"...#
#2026 09 17 11:45:48.972#Z#DEBUG#3094b1d5-b28d-11f1-8b44-eeee0a821e4e.OPERATION#App upload monitor: cd03ad3a-6dbe-4dda-b45a-7916f7c5337b#
[UploadAppStep] Upload status: PROCESSING_UPLOAD#
#2026 09 17 11:45:48.975#Z#DEBUG#3094b1d5-b28d-11f1-8b44-eeee0a821e4e.OPERATION#flowable-async-job-executor-thread-5486#
[UploadAppStep] Getting environment of application "f6ee7e69-0530-499e-9b8b-8c9cb7424d76"...#
#2026 09 17 11:45:49.010#Z#DEBUG#3094b1d5-b28d-11f1-8b44-eeee0a821e4e.OPERATION#flowable-async-job-executor-thread-5486#
[UploadAppStep] Updating environment of application "van-stock-profile-srv"#
#2026 09 17 11:45:49.079#Z#DEBUG#3094b1d5-b28d-11f1-8b44-eeee0a821e4e.OPERATION#flowable-async-job-executor-thread-5486#
Step "Upload App" finished#
#2026 09 17 11:45:54.006#Z#DEBUG#3094b1d5-b28d-11f1-8b44-eeee0a821e4e.OPERATION#App upload monitor: cd03ad3a-6dbe-4dda-b45a-7916f7c5337b#
[UploadAppStep] Upload status: PROCESSING_UPLOAD#
#2026 09 17 11:45:58.687#Z#DEBUG#3094b1d5-b28d-11f1-8b44-eeee0a821e4e.OPERATION#flowable-async-job-executor-thread-5497#
[UploadAppStep] Executing task "uploadAppTask" of process "4d959f9e-b28d-11f1-a404-eeee0a8d0d65"...#
#2026 09 17 11:45:58.688#Z#DEBUG#3094b1d5-b28d-11f1-8b44-eeee0a821e4e.OPERATION#flowable-async-job-executor-thread-5497#
[UploadAppStep] Application upload timeout is default one: 3,600 seconds#
#2026 09 17 11:45:58.688#Z#DEBUG#3094b1d5-b28d-11f1-8b44-eeee0a821e4e.OPERATION#flowable-async-job-executor-thread-5497#
[UploadAppStep] Checking upload status of application "van-stock-profile-srv"...#
#2026 09 17 11:45:58.689#Z#DEBUG#3094b1d5-b28d-11f1-8b44-eeee0a821e4e.OPERATION#flowable-async-job-executor-thread-5497#
[UploadAppStep] Getting package "cd03ad3a-6dbe-4dda-b45a-7916f7c5337b"...#
#2026 09 17 11:45:58.708#Z#DEBUG#3094b1d5-b28d-11f1-8b44-eeee0a821e4e.OPERATION#flowable-async-job-executor-thread-5497#
[UploadAppStep] Application "van-stock-profile-srv" uploaded#
#2026 09 17 11:45:58.709#Z#DEBUG#3094b1d5-b28d-11f1-8b44-eeee0a821e4e.OPERATION#flowable-async-job-executor-thread-5497#
Step "Upload App" finished#
#2026 09 17 11:45:58.642#Z#DEBUG#3094b1d5-b28d-11f1-8b44-eeee0a821e4e.OPERATION#flowable-async-job-executor-thread-5494#
[StageAppStep] Executing task "stageAppTask" of process "3f765ba5-b28d-11f1-853a-eeee0a812a2c"...#
#2026 09 17 11:45:58.643#Z#DEBUG#3094b1d5-b28d-11f1-8b44-eeee0a821e4e.OPERATION#flowable-async-job-executor-thread-5494#
[StageAppStep] Application stage timeout is default one: 3,600 seconds#
#2026 09 17 11:45:58.644#Z#DEBUG#3094b1d5-b28d-11f1-8b44-eeee0a821e4e.OPERATION#flowable-async-job-executor-thread-5494#
[StageAppStep] Checking status of application "van-stock-profile-db-deployer"...#
#2026 09 17 11:45:58.644#Z#DEBUG#3094b1d5-b28d-11f1-8b44-eeee0a821e4e.OPERATION#flowable-async-job-executor-thread-5494#
[StageAppStep] Getting build "a4d8c9f2-15be-4d4f-9966-6a9712f8ed4a"...#
#2026 09 17 11:45:58.666#Z#DEBUG#3094b1d5-b28d-11f1-8b44-eeee0a821e4e.OPERATION#flowable-async-job-executor-thread-5494#
[StageAppStep] Staging status of application "van-stock-profile-db-deployer": PENDING#
#2026 09 17 11:45:58.667#Z#DEBUG#3094b1d5-b28d-11f1-8b44-eeee0a821e4e.OPERATION#flowable-async-job-executor-thread-5494#
[StageAppStep] Getting application guid "van-stock-profile-db-deployer"...#
#2026 09 17 11:45:58.742#Z#DEBUG#3094b1d5-b28d-11f1-8b44-eeee0a821e4e.OPERATION#flowable-async-job-executor-thread-5494#
Step "Stage App" finished#
#2026 09 17 11:45:59.106#Z#DEBUG#3094b1d5-b28d-11f1-8b44-eeee0a821e4e.OPERATION#flowable-async-job-executor-thread-5493#
[ScaleAppStep] Executing task "scaleAppTask" of process "4d959f9e-b28d-11f1-a404-eeee0a8d0d65"...#
#2026 09 17 11:45:59.108#Z#DEBUG#3094b1d5-b28d-11f1-8b44-eeee0a821e4e.OPERATION#flowable-async-job-executor-thread-5493#
[ScaleAppStep] Scaling application "van-stock-profile-srv"...#
#2026 09 17 11:45:59.108#Z#DEBUG#3094b1d5-b28d-11f1-8b44-eeee0a821e4e.OPERATION#flowable-async-job-executor-thread-5493#
[ScaleAppStep] Getting application guid "van-stock-profile-srv"...#
#2026 09 17 11:45:59.135#Z#DEBUG#3094b1d5-b28d-11f1-8b44-eeee0a821e4e.OPERATION#flowable-async-job-executor-thread-5493#
[ScaleAppStep] Getting process for application "f6ee7e69-0530-499e-9b8b-8c9cb7424d76"...#
#2026 09 17 11:45:59.162#Z#DEBUG#3094b1d5-b28d-11f1-8b44-eeee0a821e4e.OPERATION#flowable-async-job-executor-thread-5493#
[ScaleAppStep] Application "van-stock-profile-srv" scaled#
#2026 09 17 11:45:59.162#Z#DEBUG#3094b1d5-b28d-11f1-8b44-eeee0a821e4e.OPERATION#flowable-async-job-executor-thread-5493#
Step "Scale App" finished#
#2026 09 17 11:45:59.264#Z#DEBUG#3094b1d5-b28d-11f1-8b44-eeee0a821e4e.OPERATION#flowable-async-job-executor-thread-5498#
[DetermineDesiredStateAchievingActionsStep] Executing task "determineDesiredStateAchievingActionsTask" of process "4d959f9e-b28d-11f1-a404-eeee0a8d0d65"...#
#2026 09 17 11:45:59.265#Z#DEBUG#3094b1d5-b28d-11f1-8b44-eeee0a821e4e.OPERATION#flowable-async-job-executor-thread-5498#
[DetermineDesiredStateAchievingActionsStep] Getting application "van-stock-profile-srv"...#
#2026 09 17 11:45:59.299#Z#DEBUG#3094b1d5-b28d-11f1-8b44-eeee0a821e4e.OPERATION#flowable-async-job-executor-thread-5498#
[DetermineDesiredStateAchievingActionsStep] Getting instances for application "van-stock-profile-srv"...#
#2026 09 17 11:45:59.341#Z#DEBUG#3094b1d5-b28d-11f1-8b44-eeee0a821e4e.OPERATION#flowable-async-job-executor-thread-5498#
[DetermineDesiredStateAchievingActionsStep] Getting environment of application "f6ee7e69-0530-499e-9b8b-8c9cb7424d76"...#
#2026 09 17 11:45:59.370#Z#DEBUG#3094b1d5-b28d-11f1-8b44-eeee0a821e4e.OPERATION#flowable-async-job-executor-thread-5498#
[DetermineDesiredStateAchievingActionsStep] Current state of application van-stock-profile-srv: STARTED#
#2026 09 17 11:45:59.370#Z#DEBUG#3094b1d5-b28d-11f1-8b44-eeee0a821e4e.OPERATION#flowable-async-job-executor-thread-5498#
[DetermineDesiredStateAchievingActionsStep] Desired state of application van-stock-profile-srv: STARTED#
#2026 09 17 11:45:59.370#Z#DEBUG#3094b1d5-b28d-11f1-8b44-eeee0a821e4e.OPERATION#flowable-async-job-executor-thread-5498#
[DetermineDesiredStateAchievingActionsStep] Actions that should be executed on application van-stock-profile-srv: [STOP, STAGE, START]#
#2026 09 17 11:45:59.370#Z#DEBUG#3094b1d5-b28d-11f1-8b44-eeee0a821e4e.OPERATION#flowable-async-job-executor-thread-5498#
Step "Determine Desired State Achieving Actions" finished#
#2026 09 17 11:45:59.398#Z#DEBUG#3094b1d5-b28d-11f1-8b44-eeee0a821e4e.OPERATION#flowable-async-job-executor-thread-5498#
[StopAppStep] Executing task "stopAppTask" of process "4d959f9e-b28d-11f1-a404-eeee0a8d0d65"...#
#2026 09 17 11:45:59.400#Z#INFO#3094b1d5-b28d-11f1-8b44-eeee0a821e4e.OPERATION#flowable-async-job-executor-thread-5498#
[StopAppStep] Stopping application "van-stock-profile-srv"...#
#2026 09 17 11:45:59.404#Z#DEBUG#3094b1d5-b28d-11f1-8b44-eeee0a821e4e.OPERATION#flowable-async-job-executor-thread-5498#
[StopAppStep] Stopping application "van-stock-profile-srv"...#
#2026 09 17 11:45:59.528#Z#DEBUG#3094b1d5-b28d-11f1-8b44-eeee0a821e4e.OPERATION#flowable-async-job-executor-thread-5498#
[StopAppStep] Application "van-stock-profile-srv" stopped#
#2026 09 17 11:45:59.528#Z#DEBUG#3094b1d5-b28d-11f1-8b44-eeee0a821e4e.OPERATION#flowable-async-job-executor-thread-5498#
[StopAppStep] Getting environment of application "f6ee7e69-0530-499e-9b8b-8c9cb7424d76"...#
#2026 09 17 11:45:59.558#Z#DEBUG#3094b1d5-b28d-11f1-8b44-eeee0a821e4e.OPERATION#flowable-async-job-executor-thread-5498#
Step "Stop App" finished#
#2026 09 17 11:45:59.591#Z#DEBUG#3094b1d5-b28d-11f1-8b44-eeee0a821e4e.OPERATION#flowable-async-job-executor-thread-5493#
[StageAppStep] Executing task "stageAppTask" of process "5a05378e-b28d-11f1-8b44-eeee0a821e4e"...#
#2026 09 17 11:45:59.592#Z#DEBUG#3094b1d5-b28d-11f1-8b44-eeee0a821e4e.OPERATION#flowable-async-job-executor-thread-5493#
[StageAppStep] Application stage timeout is default one: 3,600 seconds#
#2026 09 17 11:45:59.594#Z#INFO#3094b1d5-b28d-11f1-8b44-eeee0a821e4e.OPERATION#flowable-async-job-executor-thread-5493#
[StageAppStep] Staging application "van-stock-profile-srv"...#
#2026 09 17 11:45:59.597#Z#DEBUG#3094b1d5-b28d-11f1-8b44-eeee0a821e4e.OPERATION#flowable-async-job-executor-thread-5493#
[StageAppStep] Creating build for package "cd03ad3a-6dbe-4dda-b45a-7916f7c5337b"...#
#2026 09 17 11:46:00.194#Z#DEBUG#3094b1d5-b28d-11f1-8b44-eeee0a821e4e.OPERATION#flowable-async-job-executor-thread-5493#
Step "Stage App" finished#
#2026 09 17 11:46:08.661#Z#DEBUG#3094b1d5-b28d-11f1-8b44-eeee0a821e4e.OPERATION#flowable-async-job-executor-thread-5499#
[StageAppStep] Executing task "stageAppTask" of process "3f765ba5-b28d-11f1-853a-eeee0a812a2c"...#
#2026 09 17 11:46:08.662#Z#DEBUG#3094b1d5-b28d-11f1-8b44-eeee0a821e4e.OPERATION#flowable-async-job-executor-thread-5499#
[StageAppStep] Application stage timeout is default one: 3,600 seconds#
#2026 09 17 11:46:08.663#Z#DEBUG#3094b1d5-b28d-11f1-8b44-eeee0a821e4e.OPERATION#flowable-async-job-executor-thread-5499#
[StageAppStep] Checking status of application "van-stock-profile-db-deployer"...#
#2026 09 17 11:46:08.663#Z#DEBUG#3094b1d5-b28d-11f1-8b44-eeee0a821e4e.OPERATION#flowable-async-job-executor-thread-5499#
[StageAppStep] Getting build "a4d8c9f2-15be-4d4f-9966-6a9712f8ed4a"...#
#2026 09 17 11:46:08.697#Z#DEBUG#3094b1d5-b28d-11f1-8b44-eeee0a821e4e.OPERATION#flowable-async-job-executor-thread-5499#
[StageAppStep] Staging status of application "van-stock-profile-db-deployer": STAGED#
#2026 09 17 11:46:08.699#Z#DEBUG#3094b1d5-b28d-11f1-8b44-eeee0a821e4e.OPERATION#flowable-async-job-executor-thread-5499#
[StageAppStep] Getting application guid "van-stock-profile-db-deployer"...#
#2026 09 17 11:46:08.794#Z#DEBUG#3094b1d5-b28d-11f1-8b44-eeee0a821e4e.OPERATION#flowable-async-job-executor-thread-5499#
[StageAppStep] Getting build "a4d8c9f2-15be-4d4f-9966-6a9712f8ed4a"...#
#2026 09 17 11:46:08.826#Z#DEBUG#3094b1d5-b28d-11f1-8b44-eeee0a821e4e.OPERATION#flowable-async-job-executor-thread-5499#
[StageAppStep] Binding droplet "7a97ecae-263f-4d80-a5b8-46858eb24270" to application "920120e1-b670-449e-a1e5-cc3bde789221"...#
#2026 09 17 11:46:08.875#Z#INFO#3094b1d5-b28d-11f1-8b44-eeee0a821e4e.OPERATION#flowable-async-job-executor-thread-5499#
[StageAppStep] Application "van-stock-profile-db-deployer" staged#
#2026 09 17 11:46:08.878#Z#DEBUG#3094b1d5-b28d-11f1-8b44-eeee0a821e4e.OPERATION#flowable-async-job-executor-thread-5504#
[StageAppStep] Executing task "stageAppTask" of process "5a05378e-b28d-11f1-8b44-eeee0a821e4e"...#
#2026 09 17 11:46:08.880#Z#DEBUG#3094b1d5-b28d-11f1-8b44-eeee0a821e4e.OPERATION#flowable-async-job-executor-thread-5504#
[StageAppStep] Application stage timeout is default one: 3,600 seconds#
#2026 09 17 11:46:08.880#Z#DEBUG#3094b1d5-b28d-11f1-8b44-eeee0a821e4e.OPERATION#flowable-async-job-executor-thread-5504#
[StageAppStep] Checking status of application "van-stock-profile-srv"...#
#2026 09 17 11:46:08.880#Z#DEBUG#3094b1d5-b28d-11f1-8b44-eeee0a821e4e.OPERATION#flowable-async-job-executor-thread-5504#
[StageAppStep] Getting build "b2981110-dfa0-4a7e-8597-a43893161ec3"...#
#2026 09 17 11:46:08.881#Z#DEBUG#3094b1d5-b28d-11f1-8b44-eeee0a821e4e.OPERATION#flowable-async-job-executor-thread-5499#
Step "Stage App" finished#
#2026 09 17 11:46:08.904#Z#DEBUG#3094b1d5-b28d-11f1-8b44-eeee0a821e4e.OPERATION#flowable-async-job-executor-thread-5504#
[StageAppStep] Staging status of application "van-stock-profile-srv": PENDING#
#2026 09 17 11:46:08.905#Z#DEBUG#3094b1d5-b28d-11f1-8b44-eeee0a821e4e.OPERATION#flowable-async-job-executor-thread-5504#
[StageAppStep] Getting application guid "van-stock-profile-srv"...#
#2026 09 17 11:46:09.003#Z#DEBUG#3094b1d5-b28d-11f1-8b44-eeee0a821e4e.OPERATION#flowable-async-job-executor-thread-5504#
Step "Stage App" finished#
#2026 09 17 11:46:09.032#Z#DEBUG#3094b1d5-b28d-11f1-8b44-eeee0a821e4e.OPERATION#flowable-async-job-executor-thread-5503#
[PrepareToExecuteTasksStep] Executing task "prepareToExecuteTasksTask" of process "5f9fd885-b28d-11f1-8b44-eeee0a821e4e"...#
#2026 09 17 11:46:09.033#Z#DEBUG#3094b1d5-b28d-11f1-8b44-eeee0a821e4e.OPERATION#flowable-async-job-executor-thread-5503#
Step "Prepare To Execute Tasks" finished#
#2026 09 17 11:46:09.057#Z#DEBUG#3094b1d5-b28d-11f1-8b44-eeee0a821e4e.OPERATION#flowable-async-job-executor-thread-5503#
[ExecuteTaskStep] Executing task "executeTaskTask" of process "5f9fd885-b28d-11f1-8b44-eeee0a821e4e"...#
#2026 09 17 11:46:09.058#Z#DEBUG#3094b1d5-b28d-11f1-8b44-eeee0a821e4e.OPERATION#flowable-async-job-executor-thread-5503#
[ExecuteTaskStep] Application task execution timeout is default one: 43,200 seconds#
#2026 09 17 11:46:09.059#Z#INFO#3094b1d5-b28d-11f1-8b44-eeee0a821e4e.OPERATION#flowable-async-job-executor-thread-5503#
[ExecuteTaskStep] Executing task "deploy" on application "van-stock-profile-db-deployer"...#
#2026 09 17 11:46:09.061#Z#DEBUG#3094b1d5-b28d-11f1-8b44-eeee0a821e4e.OPERATION#flowable-async-job-executor-thread-5503#
[ExecuteTaskStep] Running task on application "van-stock-profile-db-deployer": {
  "name" : "deploy",
  "command" : "npm start",
  "limits" : {
    "memory" : 256
  }
}#
#2026 09 17 11:46:09.325#Z#DEBUG#3094b1d5-b28d-11f1-8b44-eeee0a821e4e.OPERATION#flowable-async-job-executor-thread-5503#
Step "Execute Task" finished#
#2026 09 17 11:46:18.762#Z#DEBUG#3094b1d5-b28d-11f1-8b44-eeee0a821e4e.OPERATION#flowable-async-job-executor-thread-4759#
[StageAppStep] Executing task "stageAppTask" of process "5a05378e-b28d-11f1-8b44-eeee0a821e4e"...#
#2026 09 17 11:46:18.764#Z#DEBUG#3094b1d5-b28d-11f1-8b44-eeee0a821e4e.OPERATION#flowable-async-job-executor-thread-4759#
[StageAppStep] Application stage timeout is default one: 3,600 seconds#
#2026 09 17 11:46:18.765#Z#DEBUG#3094b1d5-b28d-11f1-8b44-eeee0a821e4e.OPERATION#flowable-async-job-executor-thread-4759#
[StageAppStep] Checking status of application "van-stock-profile-srv"...#
#2026 09 17 11:46:18.765#Z#DEBUG#3094b1d5-b28d-11f1-8b44-eeee0a821e4e.OPERATION#flowable-async-job-executor-thread-4759#
[StageAppStep] Getting build "b2981110-dfa0-4a7e-8597-a43893161ec3"...#
#2026 09 17 11:46:18.792#Z#DEBUG#3094b1d5-b28d-11f1-8b44-eeee0a821e4e.OPERATION#flowable-async-job-executor-thread-4759#
[StageAppStep] Staging status of application "van-stock-profile-srv": PENDING#
#2026 09 17 11:46:18.794#Z#DEBUG#3094b1d5-b28d-11f1-8b44-eeee0a821e4e.OPERATION#flowable-async-job-executor-thread-4759#
[StageAppStep] Getting application guid "van-stock-profile-srv"...#
#2026 09 17 11:46:18.879#Z#DEBUG#3094b1d5-b28d-11f1-8b44-eeee0a821e4e.OPERATION#flowable-async-job-executor-thread-4759#
Step "Stage App" finished#
#2026 09 17 11:46:18.804#Z#DEBUG#3094b1d5-b28d-11f1-8b44-eeee0a821e4e.OPERATION#flowable-async-job-executor-thread-4761#
[ExecuteTaskStep] Executing task "executeTaskTask" of process "5f9fd885-b28d-11f1-8b44-eeee0a821e4e"...#
#2026 09 17 11:46:18.806#Z#DEBUG#3094b1d5-b28d-11f1-8b44-eeee0a821e4e.OPERATION#flowable-async-job-executor-thread-4761#
[ExecuteTaskStep] Application task execution timeout is default one: 43,200 seconds#
#2026 09 17 11:46:18.807#Z#DEBUG#3094b1d5-b28d-11f1-8b44-eeee0a821e4e.OPERATION#flowable-async-job-executor-thread-4761#
[ExecuteTaskStep] Getting task "5c2c7d95-38d0-41e3-9e43-da5032dc548c"...#
#2026 09 17 11:46:18.836#Z#DEBUG#3094b1d5-b28d-11f1-8b44-eeee0a821e4e.OPERATION#flowable-async-job-executor-thread-4761#
[ExecuteTaskStep] Task execution status: running#
#2026 09 17 11:46:18.837#Z#DEBUG#3094b1d5-b28d-11f1-8b44-eeee0a821e4e.OPERATION#flowable-async-job-executor-thread-4761#
[ExecuteTaskStep] Getting application guid "van-stock-profile-db-deployer"...#
#2026 09 17 11:46:18.917#Z#DEBUG#3094b1d5-b28d-11f1-8b44-eeee0a821e4e.OPERATION#flowable-async-job-executor-thread-4761#
Step "Execute Task" finished#
#2026 09 17 11:46:28.814#Z#DEBUG#3094b1d5-b28d-11f1-8b44-eeee0a821e4e.OPERATION#flowable-async-job-executor-thread-5515#
[StageAppStep] Executing task "stageAppTask" of process "5a05378e-b28d-11f1-8b44-eeee0a821e4e"...#
#2026 09 17 11:46:28.817#Z#DEBUG#3094b1d5-b28d-11f1-8b44-eeee0a821e4e.OPERATION#flowable-async-job-executor-thread-5515#
[StageAppStep] Application stage timeout is default one: 3,600 seconds#
#2026 09 17 11:46:28.818#Z#DEBUG#3094b1d5-b28d-11f1-8b44-eeee0a821e4e.OPERATION#flowable-async-job-executor-thread-5515#
[StageAppStep] Checking status of application "van-stock-profile-srv"...#
#2026 09 17 11:46:28.818#Z#DEBUG#3094b1d5-b28d-11f1-8b44-eeee0a821e4e.OPERATION#flowable-async-job-executor-thread-5515#
[StageAppStep] Getting build "b2981110-dfa0-4a7e-8597-a43893161ec3"...#
#2026 09 17 11:46:28.847#Z#DEBUG#3094b1d5-b28d-11f1-8b44-eeee0a821e4e.OPERATION#flowable-async-job-executor-thread-5515#
[StageAppStep] Staging status of application "van-stock-profile-srv": PENDING#
#2026 09 17 11:46:28.848#Z#DEBUG#3094b1d5-b28d-11f1-8b44-eeee0a821e4e.OPERATION#flowable-async-job-executor-thread-5515#
[StageAppStep] Getting application guid "van-stock-profile-srv"...#
#2026 09 17 11:46:28.930#Z#DEBUG#3094b1d5-b28d-11f1-8b44-eeee0a821e4e.OPERATION#flowable-async-job-executor-thread-5515#
Step "Stage App" finished#
#2026 09 17 11:46:28.844#Z#DEBUG#3094b1d5-b28d-11f1-8b44-eeee0a821e4e.OPERATION#flowable-async-job-executor-thread-5516#
[ExecuteTaskStep] Executing task "executeTaskTask" of process "5f9fd885-b28d-11f1-8b44-eeee0a821e4e"...#
#2026 09 17 11:46:28.845#Z#DEBUG#3094b1d5-b28d-11f1-8b44-eeee0a821e4e.OPERATION#flowable-async-job-executor-thread-5516#
[ExecuteTaskStep] Application task execution timeout is default one: 43,200 seconds#
#2026 09 17 11:46:28.846#Z#DEBUG#3094b1d5-b28d-11f1-8b44-eeee0a821e4e.OPERATION#flowable-async-job-executor-thread-5516#
[ExecuteTaskStep] Getting task "5c2c7d95-38d0-41e3-9e43-da5032dc548c"...#
#2026 09 17 11:46:28.874#Z#DEBUG#3094b1d5-b28d-11f1-8b44-eeee0a821e4e.OPERATION#flowable-async-job-executor-thread-5516#
[ExecuteTaskStep] Task execution status: succeeded#
#2026 09 17 11:46:28.875#Z#DEBUG#3094b1d5-b28d-11f1-8b44-eeee0a821e4e.OPERATION#flowable-async-job-executor-thread-5516#
[ExecuteTaskStep] Getting application guid "van-stock-profile-db-deployer"...#
#2026 09 17 11:46:28.950#Z#DEBUG#3094b1d5-b28d-11f1-8b44-eeee0a821e4e.OPERATION#flowable-async-job-executor-thread-5516#
Step "Execute Task" finished#
#2026 09 17 11:46:29.033#Z#DEBUG#3094b1d5-b28d-11f1-8b44-eeee0a821e4e.OPERATION#flowable-async-job-executor-thread-5511#
[IncrementIndexStep] Executing task "incrementTaskIndexTask" of process "5f9fd885-b28d-11f1-8b44-eeee0a821e4e"...#
#2026 09 17 11:46:29.033#Z#DEBUG#3094b1d5-b28d-11f1-8b44-eeee0a821e4e.OPERATION#flowable-async-job-executor-thread-5511#
Step "Increment Task Index" finished#
#2026 09 17 11:46:29.138#Z#DEBUG#3094b1d5-b28d-11f1-8b44-eeee0a821e4e.OPERATION#flowable-async-job-executor-thread-5514#
[PublishConfigurationEntriesStep] Executing task "publishProvidedDependenciesTask" of process "3f765ba5-b28d-11f1-853a-eeee0a812a2c"...#
#2026 09 17 11:46:29.139#Z#DEBUG#3094b1d5-b28d-11f1-8b44-eeee0a821e4e.OPERATION#flowable-async-job-executor-thread-5514#
[PublishConfigurationEntriesStep] Publishing public provided dependencies for application "van-stock-profile-db-deployer"...#
#2026 09 17 11:46:29.139#Z#DEBUG#3094b1d5-b28d-11f1-8b44-eeee0a821e4e.OPERATION#flowable-async-job-executor-thread-5514#
[PublishConfigurationEntriesStep] No public provided dependencies for publishing#
#2026 09 17 11:46:29.139#Z#DEBUG#3094b1d5-b28d-11f1-8b44-eeee0a821e4e.OPERATION#flowable-async-job-executor-thread-5514#
Step "Publish Provided Dependencies" finished#
#2026 09 17 11:46:29.175#Z#DEBUG#3094b1d5-b28d-11f1-8b44-eeee0a821e4e.OPERATION#flowable-async-job-executor-thread-5515#
[CreateOrUpdateServiceBrokerStep] Executing task "createOrUpdateServiceBrokerTask" of process "3f765ba5-b28d-11f1-853a-eeee0a812a2c"...#
#2026 09 17 11:46:29.176#Z#DEBUG#3094b1d5-b28d-11f1-8b44-eeee0a821e4e.OPERATION#flowable-async-job-executor-thread-5515#
[CreateOrUpdateServiceBrokerStep] Creating service brokers...#
#2026 09 17 11:46:29.177#Z#DEBUG#3094b1d5-b28d-11f1-8b44-eeee0a821e4e.OPERATION#flowable-async-job-executor-thread-5515#
Step "Create Or Update Service Broker " finished#
